date,btc_dominance
2013-04-29,95.7
2013-04-30,97.27
2013-05-01,94.02
2013-05-02,96.83
2013-05-03,101.22
2013-05-04,95.26
2013-05-05,93.98
2013-05-06,89.83
2013-05-07,98.38
2013-05-08,94.92
2013-05-09,93.12
2013-05-10,94.12
2013-05-11,96.53
2013-05-12,94.53
2013-05-13,93.83
2013-05-14,88.76
2013-05-15,90.51
2013-05-16,93.47
2013-05-17,90.84
2013-05-18,90.92
2013-05-19,91.72
2013-05-20,91.21
2013-05-21,90.89
2013-05-22,92.13
2013-05-23,93.75
2013-05-24,93.22
2013-05-25,94.1
2013-05-26,92.14
2013-05-27,93.38
2013-05-28,93.02
2013-05-29,97.73
2013-05-30,95.16
2013-05-31,95.61
2013-06-01,95.52
2013-06-02,96.43
2013-06-03,97.39
2013-06-05,95.41
2013-06-06,93.43
2013-06-07,88.74
2013-06-08,94.84
2013-06-09,87.96
2013-06-10,100.0
2013-06-11,96.88
2013-06-12,93.35
2013-06-13,90.36
2013-06-14,92.58
2013-06-15,97.28
2013-06-16,95.18
2013-06-17,95.63
2013-06-18,97.93
2013-06-19,94.83
2013-06-20,91.59
2013-06-21,87.94
2013-06-22,87.4
2013-06-23,88.78
2013-06-24,87.21
2013-06-25,90.61
2013-06-26,90.35
2013-06-27,88.9
2013-06-28,85.29
2013-06-29,90.08
2013-06-30,88.79
2013-07-01,81.16
2013-07-02,92.36
2013-07-03,80.89
2013-07-04,94.81
2013-07-05,80.14
2013-07-06,91.13
2013-07-07,101.22
2013-07-08,89.62
2013-07-09,91.99
2013-07-10,104.78
2013-07-11,96.03
2013-07-12,90.67
2013-07-13,98.05
2013-07-14,88.97
2013-07-15,94.0
2013-07-16,88.71
2013-07-17,86.55
2013-07-18,81.88
2013-07-19,91.44
2013-07-20,87.05
2013-07-21,90.26
2013-07-22,88.92
2013-07-23,89.21
2013-07-24,87.88
2013-07-25,89.57
2013-07-26,87.37
2013-07-27,88.06
2013-07-28,92.67
2013-07-29,89.17
2013-07-30,89.86
2013-07-31,84.25
2013-08-01,85.92
2013-08-02,88.91
2013-08-03,86.92
2013-08-04,83.61
2013-08-05,83.85
2013-08-06,84.79
2013-08-07,83.79
2013-08-08,85.22
2013-08-09,82.18
2013-08-10,83.86
2013-08-11,83.76
2013-08-12,83.88
2013-08-13,85.1
2013-08-14,82.35
2013-08-15,81.76
2013-08-16,83.66
2013-08-17,81.4
2013-08-18,79.52
2013-08-19,79.81
2013-08-20,80.17
2013-08-21,83.67
2013-08-22,82.71
2013-08-23,83.09
2013-08-24,83.7
2013-08-25,85.66
2013-08-26,84.54
2013-08-27,86.7
2013-08-28,88.61
2013-08-29,89.04
2013-08-30,89.78
2013-08-31,86.91
2013-09-01,88.31
2013-09-02,88.57
2013-09-03,87.85
2013-09-04,84.25
2013-09-05,87.5
2013-09-06,86.28
2013-09-07,89.5
2013-09-08,89.69
2013-09-09,88.8
2013-09-10,88.65
2013-09-11,89.79
2013-09-12,87.55
2013-09-13,87.68
2013-09-14,87.91
2013-09-15,89.33
2013-09-16,88.69
2013-09-17,88.29
2013-09-18,87.51
2013-09-19,86.5
2013-09-20,87.07
2013-09-21,88.72
2013-09-22,87.24
2013-09-23,88.14
2013-09-24,89.26
2013-09-25,87.61
2013-09-26,88.29
2013-09-27,92.18
2013-09-28,85.05
2013-09-29,81.74
2013-09-30,87.42
2013-10-01,87.17
2013-10-02,71.98
2013-10-03,87.94
2013-10-04,87.0
2013-10-05,85.7
2013-10-06,87.38
2013-10-07,88.13
2013-10-08,90.38
2013-10-09,88.37
2013-10-10,89.44
2013-10-11,89.84
2013-10-12,86.89
2013-10-13,90.11
2013-10-14,89.15
2013-10-15,93.16
2013-10-16,89.69
2013-10-17,92.09
2013-10-18,94.64
2013-10-19,92.0
2013-10-20,91.53
2013-10-21,94.39
2013-10-22,93.66
2013-10-23,94.05
2013-10-24,92.4
2013-10-25,102.14
2013-10-26,95.15
2013-10-27,97.12
2013-10-28,94.15
2013-10-29,95.63
2013-10-30,92.7
2013-10-31,95.08
2013-11-01,94.09
2013-11-02,94.15
2013-11-03,93.51
2013-11-04,95.38
2013-11-05,100.0
2013-11-06,96.17
2013-11-07,93.21
2013-11-08,95.48
2013-11-09,89.45
2013-11-10,100.88
2013-11-11,96.59
2013-11-12,95.56
2013-11-13,93.51
2013-11-14,97.61
2013-11-15,93.74
2013-11-16,95.98
2013-11-17,93.83
2013-11-18,110.9
2013-11-19,84.68
2013-11-20,101.99
2013-11-21,103.29
2013-11-22,104.59
2013-11-23,97.44
2013-11-24,101.5
2013-11-25,97.84
2013-11-26,102.97
2013-11-27,96.66
2013-11-28,92.37
2013-11-29,93.03
2013-11-30,88.59
2013-12-01,81.88
2013-12-02,94.14
2013-12-03,87.17
2013-12-04,89.16
2013-12-05,90.72
2013-12-06,71.17
2013-12-07,76.85
2013-12-08,94.28
2013-12-09,88.61
2013-12-10,92.75
2013-12-11,87.65
2013-12-12,88.09
2013-12-13,87.58
2013-12-14,87.53
2013-12-15,89.66
2013-12-16,78.46
2013-12-17,87.86
2013-12-18,84.62
2013-12-19,91.89
2013-12-20,79.34
2013-12-21,90.13
2013-12-22,85.35
2013-12-23,92.16
2013-12-24,88.62
2013-12-25,90.19
2013-12-26,89.9
2013-12-27,86.63
2013-12-28,86.82
2013-12-29,87.99
2013-12-30,84.91
2013-12-31,85.5
2014-01-01,86.47
2014-01-02,88.87
2014-01-03,86.29
2014-01-04,86.62
2014-01-05,87.87
2014-01-06,86.85
2014-01-07,84.37
2014-01-08,87.65
2014-01-09,86.61
2014-01-10,88.81
2014-01-11,88.22
2014-01-12,86.85
2014-01-13,87.65
2014-01-14,87.43
2014-01-15,87.42
2014-01-16,86.85
2014-01-17,87.55
2014-01-18,86.52
2014-01-19,89.62
2014-01-20,84.76
2014-01-21,85.21
2014-01-22,84.3
2014-01-23,85.58
2014-01-24,86.54
2014-01-25,89.39
2014-01-26,85.29
2014-01-27,75.29
2014-01-28,90.15
2014-01-29,86.94
2014-01-30,87.76
2014-01-31,87.85
2014-02-01,87.14
2014-02-02,87.02
2014-02-03,88.82
2014-02-04,86.28
2014-02-05,84.44
2014-02-06,85.33
2014-02-07,87.92
2014-02-08,86.7
2014-02-09,91.21
2014-02-10,89.71
2014-02-11,86.44
2014-02-12,88.64
2014-02-13,82.98
2014-02-14,95.58
2014-02-15,90.55
2014-02-16,89.79
2014-02-17,87.49
2014-02-18,89.72
2014-02-19,89.43
2014-02-20,84.37
2014-02-21,89.3
2014-02-22,95.49
2014-02-23,86.95
2014-02-24,83.31
2014-02-25,97.05
2014-02-26,91.95
2014-02-27,88.61
2014-02-28,85.5
2014-03-01,87.99
2014-03-02,87.73
2014-03-03,99.14
2014-03-04,80.97
2014-03-05,87.19
2014-03-06,89.79
2014-03-07,89.55
2014-03-08,89.17
2014-03-09,87.83
2014-03-10,87.9
2014-03-11,88.48
2014-03-12,86.4
2014-03-13,87.54
2014-03-14,87.58
2014-03-15,87.7
2014-03-16,89.0
2014-03-17,88.84
2014-03-18,88.47
2014-03-19,88.13
2014-03-20,87.52
2014-03-21,86.42
2014-03-22,88.55
2014-03-23,87.06
2014-03-24,90.42
2014-03-25,88.77
2014-03-26,88.48
2014-03-27,74.66
2014-03-28,89.13
2014-03-29,77.07
2014-03-30,80.65
2014-03-31,81.25
2014-04-01,82.08
2014-04-02,82.68
2014-04-03,84.06
2014-04-04,80.9
2014-04-05,80.69
2014-04-06,81.27
2014-04-07,79.91
2014-04-08,79.76
2014-04-09,81.4
2014-04-10,80.88
2014-04-11,83.5
2014-04-12,83.12
2014-04-13,82.99
2014-04-14,82.23
2014-04-15,84.34
2014-04-16,85.26
2014-04-17,82.96
2014-04-18,83.83
2014-04-19,84.67
2014-04-20,84.77
2014-04-21,82.58
2014-04-22,83.13
2014-04-23,83.84
2014-04-24,83.37
2014-04-25,84.54
2014-04-26,85.62
2014-04-27,85.16
2014-04-28,84.38
2014-04-29,91.17
2014-04-30,85.11
2014-05-01,84.97
2014-05-02,86.24
2014-05-03,85.19
2014-05-04,85.47
2014-05-05,84.43
2014-05-06,85.12
2014-05-07,86.77
2014-05-08,83.95
2014-05-09,85.3
2014-05-10,85.38
2014-05-11,85.35
2014-05-12,84.88
2014-05-13,84.36
2014-05-14,85.04
2014-05-15,85.0
2014-05-16,83.59
2014-05-17,83.83
2014-05-18,83.83
2014-05-19,84.25
2014-05-20,84.78
2014-05-21,85.0
2014-05-22,85.87
2014-05-23,85.24
2014-05-24,84.8
2014-05-25,84.67
2014-05-26,83.85
2014-05-27,85.05
2014-05-28,85.04
2014-05-29,85.75
2014-05-30,86.41
2014-05-31,85.26
2014-06-01,86.27
2014-06-02,86.77
2014-06-03,86.05
2014-06-04,92.74
2014-06-05,86.85
2014-06-06,86.5
2014-06-07,84.66
2014-06-08,86.99
2014-06-09,85.99
2014-06-10,83.58
2014-06-11,85.01
2014-06-12,86.51
2014-06-13,85.5
2014-06-14,86.03
2014-06-15,87.29
2014-06-16,85.38
2014-06-17,87.03
2014-06-18,87.66
2014-06-19,86.82
2014-06-20,85.81
2014-06-21,86.65
2014-06-22,87.63
2014-06-23,88.3
2014-06-24,87.48
2014-06-25,88.55
2014-06-26,89.51
2014-06-27,90.69
2014-06-28,90.1
2014-06-29,93.3
2014-06-30,91.76
2014-07-01,90.38
2014-07-02,92.2
2014-07-03,92.18
2014-07-04,91.52
2014-07-05,94.57
2014-07-06,91.77
2014-07-07,92.04
2014-07-08,94.54
2014-07-09,94.16
2014-07-10,94.17
2014-07-11,94.54
2014-07-12,94.24
2014-07-13,94.23
2014-07-14,94.04
2014-07-15,94.59
2014-07-16,94.27
2014-07-17,94.02
2014-07-18,93.97
2014-07-19,93.95
2014-07-20,94.23
2014-07-21,93.47
2014-07-22,93.4
2014-07-23,93.62
2014-07-24,94.13
2014-07-25,93.93
2014-07-26,93.94
2014-07-27,93.78
2014-07-28,94.27
2014-07-29,94.1
2014-07-30,94.28
2014-07-31,93.56
2014-08-01,94.41
2014-08-02,93.66
2014-08-03,93.68
2014-08-04,94.04
2014-08-05,93.45
2014-08-06,93.65
2014-08-07,93.47
2014-08-08,93.59
2014-08-09,94.22
2014-08-10,94.53
2014-08-11,94.52
2014-08-12,94.65
2014-08-13,95.78
2014-08-14,95.11
2014-08-15,96.04
2014-08-16,94.97
2014-08-17,95.49
2014-08-18,97.78
2014-08-19,95.77
2014-08-20,94.82
2014-08-21,94.79
2014-08-22,93.76
2014-08-23,94.04
2014-08-24,93.73
2014-08-25,93.89
2014-08-26,92.76
2014-08-27,92.56
2014-08-28,92.39
2014-08-29,92.78
2014-08-30,92.37
2014-08-31,92.23
2014-09-01,92.4
2014-09-02,92.46
2014-09-03,92.32
2014-09-04,92.13
2014-09-05,91.65
2014-09-06,91.61
2014-09-07,91.21
2014-09-08,91.27
2014-09-09,92.19
2014-09-10,91.76
2014-09-11,91.76
2014-09-12,91.66
2014-09-13,91.69
2014-09-14,91.25
2014-09-15,90.79
2014-09-16,91.35
2014-09-17,90.45
2014-09-18,91.04
2014-09-19,91.2
2014-09-20,91.3
2014-09-21,91.74
2014-09-22,90.93
2014-09-23,92.24
2014-09-24,91.44
2014-09-25,91.07
2014-09-26,90.89
2014-09-27,91.08
2014-09-28,89.85
2014-09-29,90.5
2014-09-30,91.02
2014-10-01,91.08
2014-10-02,91.1
2014-10-03,90.27
2014-10-04,89.35
2014-10-05,89.23
2014-10-06,89.5
2014-10-07,90.45
2014-10-08,90.82
2014-10-09,91.74
2014-10-10,91.26
2014-10-11,91.17
2014-10-12,91.88
2014-10-13,92.08
2014-10-14,91.82
2014-10-15,91.35
2014-10-16,91.66
2014-10-17,91.38
2014-10-18,91.16
2014-10-19,91.24
2014-10-20,91.22
2014-10-21,91.54
2014-10-22,91.5
2014-10-23,90.73
2014-10-24,91.59
2014-10-25,91.04
2014-10-26,92.15
2014-10-27,91.24
2014-10-28,91.8
2014-10-29,91.12
2014-10-30,91.45
2014-10-31,91.1
2014-11-01,91.11
2014-11-02,90.93
2014-11-03,91.23
2014-11-04,91.32
2014-11-05,90.84
2014-11-06,91.5
2014-11-07,91.16
2014-11-08,91.17
2014-11-09,91.51
2014-11-10,91.58
2014-11-11,92.05
2014-11-12,92.81
2014-11-13,92.82
2014-11-14,92.31
2014-11-15,91.03
2014-11-16,91.76
2014-11-17,92.05
2014-11-18,91.25
2014-11-19,91.49
2014-11-20,90.84
2014-11-21,90.33
2014-11-22,90.04
2014-11-23,89.26
2014-11-25,89.71
2014-11-26,89.07
2014-11-27,86.9
2014-11-28,86.21
2014-11-29,86.79
2014-11-30,88.03
2014-12-01,86.74
2014-12-02,86.56
2014-12-03,87.07
2014-12-04,86.89
2014-12-05,86.54
2014-12-06,86.57
2014-12-07,86.66
2014-12-08,86.54
2014-12-09,85.84
2014-12-10,85.08
2014-12-11,85.42
2014-12-12,85.34
2014-12-13,85.4
2014-12-14,86.19
2014-12-15,84.8
2014-12-17,78.94
2014-12-18,77.83
2014-12-20,80.77
2014-12-21,81.27
2014-12-22,79.4
2014-12-23,80.74
2014-12-24,80.15
2014-12-25,79.9
2014-12-26,79.68
2014-12-27,79.76
2014-12-28,79.72
2014-12-29,77.65
2014-12-30,78.05
2014-12-31,79.23
2015-01-01,78.56
2015-01-02,79.22
2015-01-03,78.44
2015-01-04,80.76
2015-01-05,80.72
2015-01-06,77.61
2015-01-07,75.28
2015-01-08,79.97
2015-01-09,81.67
2015-01-10,80.89
2015-01-11,80.03
2015-01-12,80.34
2015-01-13,81.89
2015-01-16,79.27
2015-01-17,79.09
2015-01-18,80.79
2015-01-19,80.49
2015-01-20,79.82
2015-01-21,81.24
2015-01-22,80.62
2015-01-23,80.72
2015-01-24,81.44
2015-01-25,81.31
2015-01-26,83.48
2015-01-27,83.73
2015-01-29,82.8
2015-01-30,81.66
2015-01-31,81.28
2015-02-01,82.38
2015-02-02,82.33
2015-02-03,83.53
2015-02-04,83.25
2015-02-05,81.54
2015-02-06,81.1
2015-02-07,74.87
2015-02-08,81.78
2015-02-09,81.99
2015-02-10,81.91
2015-02-11,81.98
2015-02-12,82.01
2015-02-13,82.45
2015-02-14,82.28
2015-02-15,83.39
2015-02-16,82.3
2015-02-17,82.32
2015-02-18,83.81
2015-02-19,83.46
2015-02-20,83.82
2015-02-21,83.79
2015-02-22,83.72
2015-02-23,83.71
2015-02-24,83.67
2015-02-25,83.33
2015-02-26,83.37
2015-02-27,83.77
2015-02-28,84.12
2015-03-01,85.06
2015-03-02,87.11
2015-03-03,87.23
2015-03-04,86.72
2015-03-05,86.45
2015-03-06,86.54
2015-03-07,83.92
2015-03-08,86.95
2015-03-09,86.33
2015-03-10,86.86
2015-03-11,87.78
2015-03-12,87.93
2015-03-13,86.46
2015-03-14,87.17
2015-03-15,87.66
2015-03-16,87.37
2015-03-17,87.16
2015-03-18,87.15
2015-03-19,87.11
2015-03-20,87.12
2015-03-21,87.09
2015-03-22,86.88
2015-03-23,86.66
2015-03-24,86.43
2015-03-25,87.03
2015-03-26,87.79
2015-03-27,87.16
2015-03-28,87.59
2015-03-29,87.44
2015-03-30,87.82
2015-03-31,87.56
2015-04-01,88.24
2015-04-02,88.45
2015-04-03,87.72
2015-04-04,87.47
2015-04-05,88.26
2015-04-06,87.92
2015-04-07,87.54
2015-04-08,87.45
2015-04-09,87.72
2015-04-10,88.07
2015-04-11,87.7
2015-04-12,87.67
2015-04-13,87.69
2015-04-14,87.76
2015-04-15,87.87
2015-04-16,87.59
2015-04-17,87.67
2015-04-18,87.73
2015-04-19,87.96
2015-04-20,87.96
2015-04-21,88.2
2015-04-22,87.7
2015-04-23,88.13
2015-04-24,87.64
2015-04-25,87.78
2015-04-26,88.65
2015-04-27,87.49
2015-04-28,87.93
2015-04-29,87.69
2015-04-30,88.23
2015-05-01,87.96
2015-05-02,87.78
2015-05-03,88.22
2015-05-04,88.3
2015-05-05,88.35
2015-05-06,88.05
2015-05-07,88.75
2015-05-08,88.97
2015-05-09,89.12
2015-05-10,87.53
2015-05-11,88.9
2015-05-12,88.87
2015-05-13,89.3
2015-05-14,89.37
2015-05-15,89.47
2015-05-16,89.26
2015-05-17,89.66
2015-05-18,90.19
2015-05-19,88.96
2015-05-20,89.04
2015-05-21,89.01
2015-05-22,87.88
2015-05-23,87.91
2015-05-24,87.66
2015-05-25,87.58
2015-05-26,87.47
2015-05-27,87.63
2015-05-28,86.78
2015-05-29,85.83
2015-05-30,86.51
2015-05-31,86.76
2015-06-01,87.1
2015-06-02,86.65
2015-06-03,86.75
2015-06-04,86.69
2015-06-05,86.45
2015-06-06,86.58
2015-06-07,86.7
2015-06-08,86.75
2015-06-09,86.59
2015-06-10,86.6
2015-06-11,86.58
2015-06-12,86.49
2015-06-13,86.97
2015-06-14,86.17
2015-06-15,86.28
2015-06-16,85.83
2015-06-17,85.79
2015-06-18,84.82
2015-06-19,84.58
2015-06-20,84.43
2015-06-21,84.23
2015-06-22,84.03
2015-06-23,84.19
2015-06-24,83.79
2015-06-25,83.91
2015-06-26,83.91
2015-06-27,83.92
2015-06-28,83.89
2015-06-29,83.32
2015-06-30,83.68
2015-07-01,83.79
2015-07-02,83.38
2015-07-03,83.6
2015-07-04,83.7
2015-07-05,84.3
2015-07-06,83.79
2015-07-07,83.93
2015-07-08,83.64
2015-07-09,82.46
2015-07-10,85.79
2015-07-11,86.23
2015-07-12,86.43
2015-07-13,86.33
2015-07-14,85.84
2015-07-15,86.5
2015-07-16,87.04
2015-07-17,86.75
2015-07-18,86.79
2015-07-19,87.15
2015-07-20,87.21
2015-07-21,87.2
2015-07-22,87.16
2015-07-23,87.01
2015-07-24,86.49
2015-07-25,86.4
2015-07-26,86.59
2015-07-27,86.45
2015-07-28,86.13
2015-07-29,86.27
2015-07-30,86.33
2015-07-31,81.31
2015-08-01,86.54
2015-08-02,86.59
2015-08-03,84.76
2015-08-04,86.67
2015-08-05,86.46
2015-08-06,86.7
2015-08-07,86.77
2015-08-08,85.09
2015-08-09,86.98
2015-08-10,85.28
2015-08-11,85.21
2015-08-12,84.47
2015-08-13,84.33
2015-08-14,84.15
2015-08-15,84.5
2015-08-16,84.37
2015-08-17,84.06
2015-08-18,73.84
2015-08-19,84.17
2015-08-20,83.46
2015-08-21,83.66
2015-08-22,83.09
2015-08-23,84.3
2015-08-24,82.65
2015-08-25,85.0
2015-08-26,84.63
2015-08-27,85.28
2015-08-28,84.45
2015-08-29,84.93
2015-08-30,84.15
2015-08-31,84.22
2015-09-01,84.28
2015-09-02,84.56
2015-09-03,84.86
2015-09-04,85.19
2015-09-05,84.64
2015-09-06,84.83
2015-09-07,84.55
2015-09-08,84.85
2015-09-09,84.93
2015-09-10,84.75
2015-09-11,84.85
2015-09-12,84.78
2015-09-13,83.16
2015-09-14,85.38
2015-09-15,84.61
2015-09-16,85.36
2015-09-17,85.24
2015-09-18,85.41
2015-09-19,85.29
2015-09-20,84.9
2015-09-21,85.12
2015-09-22,85.55
2015-09-23,85.62
2015-09-24,86.05
2015-09-25,86.2
2015-09-26,86.11
2015-09-27,86.26
2015-09-28,86.69
2015-09-29,86.99
2015-09-30,87.21
2015-10-01,87.14
2015-10-02,87.18
2015-10-03,87.36
2015-10-04,87.67
2015-10-05,87.93
2015-10-06,87.69
2015-10-07,87.45
2015-10-08,87.52
2015-10-09,87.53
2015-10-10,88.07
2015-10-11,88.39
2015-10-12,88.1
2015-10-13,88.23
2015-10-14,88.13
2015-10-15,88.23
2015-10-16,88.73
2015-10-17,89.81
2015-10-18,89.69
2015-10-19,89.11
2015-10-20,89.69
2015-10-21,89.96
2015-10-22,90.17
2015-10-23,90.13
2015-10-24,90.02
2015-10-25,89.71
2015-10-26,90.2
2015-10-27,89.94
2015-10-28,90.18
2015-10-29,89.57
2015-10-30,90.3
2015-10-31,89.66
2015-11-01,90.46
2015-11-02,93.0
2015-11-03,91.71
2015-11-04,92.28
2015-11-05,91.0
2015-11-06,91.71
2015-11-07,91.13
2015-11-08,91.54
2015-11-09,91.09
2015-11-10,90.71
2015-11-11,91.97
2015-11-12,90.97
2015-11-13,90.77
2015-11-14,91.24
2015-11-15,90.59
2015-11-16,91.05
2015-11-17,89.83
2015-11-18,90.64
2015-11-19,91.06
2015-11-20,90.97
2015-11-21,91.13
2015-11-22,90.92
2015-11-23,90.87
2015-11-24,90.88
2015-11-25,91.03
2015-11-26,90.33
2015-11-27,91.01
2015-11-28,91.31
2015-11-29,91.43
2015-11-30,91.33
2015-12-01,91.44
2015-12-02,91.72
2015-12-03,91.66
2015-12-04,91.49
2015-12-05,90.75
2015-12-06,89.97
2015-12-07,91.46
2015-12-08,91.9
2015-12-09,90.36
2015-12-10,89.93
2015-12-11,90.91
2015-12-12,90.91
2015-12-13,89.89
2015-12-14,91.1
2015-12-15,91.45
2015-12-16,91.62
2015-12-17,91.52
2015-12-18,91.73
2015-12-19,91.76
2015-12-20,92.05
2015-12-21,91.63
2015-12-22,91.5
2015-12-23,91.8
2015-12-24,92.28
2015-12-25,91.79
2015-12-26,91.87
2015-12-27,91.18
2015-12-28,91.78
2015-12-29,91.78
2015-12-30,91.52
2015-12-31,91.35
2016-01-01,91.76
2016-01-02,91.71
2016-01-03,91.56
2016-01-04,91.64
2016-01-05,91.39
2016-01-06,90.83
2016-01-07,91.94
2016-01-08,91.35
2016-01-09,91.44
2016-01-10,91.98
2016-01-11,91.69
2016-01-12,89.25
2016-01-13,91.38
2016-01-14,91.42
2016-01-15,89.65
2016-01-16,91.72
2016-01-17,89.04
2016-01-18,90.56
2016-01-19,90.05
2016-01-20,90.83
2016-01-21,91.02
2016-01-22,91.8
2016-01-23,89.65
2016-01-24,89.93
2016-01-25,89.21
2016-01-26,89.12
2016-01-27,88.59
2016-01-28,88.07
2016-01-29,87.96
2016-01-30,88.47
2016-01-31,89.28
2016-02-01,88.67
2016-02-02,88.37
2016-02-03,88.09
2016-02-04,88.2
2016-02-05,87.62
2016-02-06,87.61
2016-02-07,87.15
2016-02-08,86.8
2016-02-09,86.12
2016-02-10,85.58
2016-02-11,84.2
2016-02-12,84.22
2016-02-13,84.54
2016-02-14,85.37
2016-02-15,84.43
2016-02-16,85.7
2016-02-17,86.38
2016-02-18,86.25
2016-02-19,86.23
2016-02-20,85.29
2016-02-21,86.25
2016-02-22,85.37
2016-02-23,84.9
2016-02-24,84.72
2016-02-25,84.87
2016-02-26,85.65
2016-02-27,84.61
2016-02-28,84.31
2016-02-29,84.7
2016-03-01,84.07
2016-03-02,81.91
2016-03-03,81.38
2016-03-04,80.31
2016-03-05,79.85
2016-03-06,79.67
2016-03-07,80.98
2016-03-08,80.55
2016-03-09,78.92
2016-03-10,79.37
2016-03-11,79.31
2016-03-12,77.26
2016-03-13,76.42
2016-03-14,78.62
2016-03-15,78.03
2016-03-16,78.36
2016-03-17,79.71
2016-03-18,79.85
2016-03-19,80.4
2016-03-20,80.22
2016-03-21,78.91
2016-03-22,79.4
2016-03-23,78.26
2016-03-24,78.74
2016-03-25,79.67
2016-03-26,79.35
2016-03-27,80.15
2016-03-28,79.16
2016-03-29,79.0
2016-03-30,78.94
2016-03-31,79.38
2016-04-01,79.22
2016-04-02,79.21
2016-04-03,79.43
2016-04-04,79.3
2016-04-05,80.15
2016-04-06,79.95
2016-04-07,80.8
2016-04-08,81.01
2016-04-09,81.47
2016-04-10,82.52
2016-04-11,82.66
2016-04-12,83.72
2016-04-13,83.31
2016-04-14,82.79
2016-04-15,83.04
2016-04-16,83.06
2016-04-17,82.03
2016-04-18,82.09
2016-04-19,82.33
2016-04-20,82.72
2016-04-21,83.27
2016-04-22,83.48
2016-04-23,83.68
2016-04-24,83.84
2016-04-25,84.31
2016-04-26,84.59
2016-04-27,83.45
2016-04-28,84.43
2016-04-29,83.42
2016-04-30,82.92
2016-05-01,82.41
2016-05-02,81.33
2016-05-03,82.52
2016-05-04,82.4
2016-05-05,82.01
2016-05-06,82.48
2016-05-07,82.8
2016-05-08,82.83
2016-05-09,83.01
2016-05-10,82.83
2016-05-11,82.4
2016-05-12,82.13
2016-05-13,81.91
2016-05-14,82.4
2016-05-15,82.69
2016-05-16,81.13
2016-05-17,80.63
2016-05-18,79.8
2016-05-19,77.76
2016-05-20,79.36
2016-05-21,79.03
2016-05-22,78.66
2016-05-23,79.48
2016-05-24,79.66
2016-05-25,80.4
2016-05-26,79.77
2016-05-27,80.81
2016-05-28,81.76
2016-05-29,81.66
2016-05-30,81.55
2016-05-31,79.85
2016-06-01,79.41
2016-06-02,79.98
2016-06-03,80.73
2016-06-04,81.02
2016-06-05,80.85
2016-06-06,81.07
2016-06-07,80.65
2016-06-08,80.64
2016-06-09,80.38
2016-06-10,80.91
2016-06-11,82.51
2016-06-12,81.76
2016-06-13,81.48
2016-06-14,79.92
2016-06-15,80.8
2016-06-16,80.88
2016-06-17,83.59
2016-06-18,85.77
2016-06-19,85.4
2016-06-20,82.53
2016-06-21,83.42
2016-06-22,82.91
2016-06-23,82.7
2016-06-24,83.29
2016-06-25,82.38
2016-06-26,82.49
2016-06-27,83.01
2016-06-28,82.91
2016-06-29,82.28
2016-06-30,82.77
2016-07-01,83.27
2016-07-02,85.02
2016-07-03,82.9
2016-07-04,83.76
2016-07-05,84.15
2016-07-06,84.18
2016-07-07,84.35
2016-07-08,83.54
2016-07-09,83.92
2016-07-10,83.5
2016-07-11,83.62
2016-07-12,81.96
2016-07-13,81.37
2016-07-14,81.33
2016-07-15,81.29
2016-07-16,81.04
2016-07-17,81.8
2016-07-18,82.26
2016-07-19,80.87
2016-07-20,80.02
2016-07-21,80.55
2016-07-22,79.34
2016-07-23,80.49
2016-07-24,80.98
2016-07-25,80.5
2016-07-26,81.24
2016-07-27,80.82
2016-07-28,80.54
2016-07-29,80.9
2016-07-30,81.01
2016-07-31,81.05
2016-08-01,80.34
2016-08-02,83.98
2016-08-03,80.76
2016-08-04,81.1
2016-08-05,80.05
2016-08-06,78.73
2016-08-07,78.92
2016-08-08,78.66
2016-08-09,79.68
2016-08-10,80.2
2016-08-11,78.87
2016-08-12,79.05
2016-08-13,79.01
2016-08-14,78.84
2016-08-15,78.67
2016-08-16,79.53
2016-08-17,79.38
2016-08-18,79.21
2016-08-19,78.97
2016-08-20,78.76
2016-08-21,79.1
2016-08-22,79.2
2016-08-23,79.43
2016-08-24,79.53
2016-08-25,79.44
2016-08-26,79.64
2016-08-27,79.61
2016-08-28,79.67
2016-08-29,78.89
2016-08-30,79.11
2016-08-31,78.99
2016-09-01,78.76
2016-09-02,78.65
2016-09-03,79.58
2016-09-04,79.64
2016-09-05,79.02
2016-09-06,79.34
2016-09-07,79.64
2016-09-08,80.15
2016-09-09,79.85
2016-09-10,79.43
2016-09-11,79.72
2016-09-12,79.59
2016-09-13,79.61
2016-09-14,79.47
2016-09-15,79.06
2016-09-16,79.15
2016-09-17,79.11
2016-09-18,79.44
2016-09-19,78.7
2016-09-20,77.98
2016-09-21,78.42
2016-09-22,78.51
2016-09-23,78.38
2016-09-24,78.49
2016-09-25,78.48
2016-09-26,78.8
2016-09-27,78.63
2016-09-28,78.39
2016-09-29,78.57
2016-09-30,78.57
2016-10-01,79.24
2016-10-02,78.99
2016-10-03,78.86
2016-10-04,78.87
2016-10-05,78.63
2016-10-06,78.89
2016-10-07,79.46
2016-10-08,79.82
2016-10-09,79.6
2016-10-10,80.08
2016-10-11,80.51
2016-10-12,80.34
2016-10-13,80.31
2016-10-14,80.5
2016-10-15,80.69
2016-10-16,80.34
2016-10-17,80.35
2016-10-18,79.85
2016-10-19,80.08
2016-10-20,79.94
2016-10-21,79.94
2016-10-22,80.5
2016-10-23,80.49
2016-10-24,80.52
2016-10-25,80.67
2016-10-26,81.47
2016-10-27,82.24
2016-10-28,81.92
2016-10-29,83.47
2016-10-30,82.65
2016-10-31,82.68
2016-11-01,83.66
2016-11-02,84.55
2016-11-03,83.05
2016-11-04,83.0
2016-11-05,82.66
2016-11-06,83.32
2016-11-07,82.44
2016-11-08,83.05
2016-11-09,83.31
2016-11-10,83.44
2016-11-11,83.61
2016-11-12,83.66
2016-11-13,83.31
2016-11-14,82.86
2016-11-15,82.9
2016-11-16,83.41
2016-11-17,83.0
2016-11-18,84.4
2016-11-19,84.46
2016-11-20,84.47
2016-11-21,84.39
2016-11-22,84.37
2016-11-23,84.46
2016-11-24,84.81
2016-11-25,84.82
2016-11-26,84.61
2016-11-27,84.74
2016-11-28,84.65
2016-11-29,85.31
2016-11-30,85.11
2016-12-01,85.42
2016-12-02,86.07
2016-12-03,86.15
2016-12-04,86.15
2016-12-05,86.9
2016-12-06,86.38
2016-12-07,85.99
2016-12-08,85.6
2016-12-09,85.91
2016-12-10,86.25
2016-12-11,85.88
2016-12-12,85.64
2016-12-13,85.51
2016-12-14,85.85
2016-12-15,85.85
2016-12-16,85.62
2016-12-17,85.96
2016-12-18,85.96
2016-12-19,85.85
2016-12-20,85.87
2016-12-21,86.82
2016-12-22,86.54
2016-12-23,87.34
2016-12-24,87.1
2016-12-25,87.13
2016-12-26,86.98
2016-12-27,87.52
2016-12-28,87.71
2016-12-29,86.81
2016-12-30,86.6
2016-12-31,86.85
2017-01-01,86.97
2017-01-02,86.61
2017-01-03,85.63
2017-01-04,85.62
2017-01-05,86.85
2017-01-06,84.97
2017-01-07,85.86
2017-01-08,86.22
2017-01-09,84.98
2017-01-10,84.67
2017-01-11,84.65
2017-01-12,85.32
2017-01-13,84.77
2017-01-14,84.95
2017-01-15,84.93
2017-01-16,84.77
2017-01-17,85.1
2017-01-18,85.95
2017-01-19,85.35
2017-01-20,84.98
2017-01-21,85.13
2017-01-22,85.57
2017-01-23,84.71
2017-01-24,84.74
2017-01-25,85.13
2017-01-26,84.92
2017-01-27,85.17
2017-01-28,85.18
2017-01-29,84.74
2017-01-30,84.67
2017-01-31,85.12
2017-02-01,85.2
2017-02-02,85.23
2017-02-03,85.45
2017-02-04,85.33
2017-02-05,85.04
2017-02-06,84.93
2017-02-07,85.33
2017-02-08,85.2
2017-02-09,85.72
2017-02-10,85.71
2017-02-11,85.7
2017-02-12,85.7
2017-02-13,85.69
2017-02-14,84.71
2017-02-15,84.75
2017-02-16,84.81
2017-02-17,84.93
2017-02-18,85.41
2017-02-19,85.36
2017-02-20,85.78
2017-02-21,86.09
2017-02-22,86.48
2017-02-23,85.62
2017-02-24,86.58
2017-02-25,86.3
2017-02-26,85.92
2017-02-27,85.66
2017-02-28,85.7
2017-03-01,84.85
2017-03-02,84.63
2017-03-03,84.37
2017-03-04,84.35
2017-03-05,84.3
2017-03-06,84.15
2017-03-07,84.02
2017-03-08,84.08
2017-03-09,84.13
2017-03-10,83.34
2017-03-11,81.97
2017-03-12,81.77
2017-03-13,79.64
2017-03-14,79.31
2017-03-15,77.51
2017-03-16,72.7
2017-03-17,71.97
2017-03-18,73.38
2017-03-19,69.75
2017-03-20,71.5
2017-03-21,72.06
2017-03-22,70.59
2017-03-23,69.65
2017-03-24,65.35
2017-03-25,66.46
2017-03-26,67.59
2017-03-27,68.74
2017-03-28,68.08
2017-03-29,67.26
2017-03-30,66.39
2017-03-31,67.07
2017-04-01,66.9
2017-04-03,69.11
2017-04-04,68.45
2017-04-05,66.82
2017-04-06,69.07
2017-04-07,69.04
2017-04-08,68.07
2017-04-09,69.55
2017-04-10,67.84
2017-04-11,68.99
2017-04-12,67.6
2017-04-13,66.35
2017-04-14,66.38
2017-04-15,65.96
2017-04-16,65.17
2017-04-17,65.76
2017-04-18,65.19
2017-04-19,66.05
2017-04-20,66.03
2017-04-21,66.48
2017-04-22,66.07
2017-04-23,66.15
2017-04-24,65.92
2017-04-25,66.43
2017-04-26,65.08
2017-04-27,64.05
2017-04-28,62.16
2017-04-29,60.96
2017-04-30,59.97
2017-05-01,60.74
2017-05-02,61.34
2017-05-03,61.09
2017-05-04,58.29
2017-05-05,56.33
2017-05-06,55.9
2017-05-07,54.55
2017-05-08,53.96
2017-05-09,55.48
2017-05-10,55.52
2017-05-11,55.99
2017-05-12,52.56
2017-05-13,54.04
2017-05-14,53.48
2017-05-15,51.27
2017-05-16,49.14
2017-05-17,47.16
2017-05-18,47.81
2017-05-19,46.95
2017-05-20,47.49
2017-05-21,45.31
2017-05-22,46.34
2017-05-23,45.26
2017-05-24,45.77
2017-05-25,47.77
2017-05-26,48.77
2017-05-27,48.41
2017-05-28,48.41
2017-05-29,47.26
2017-05-30,45.09
2017-05-31,44.65
2017-06-01,43.96
2017-06-02,44.37
2017-06-03,45.21
2017-06-04,43.43
2017-06-05,44.51
2017-06-06,45.11
2017-06-07,44.63
2017-06-08,44.66
2017-06-09,43.32
2017-06-10,42.47
2017-06-11,42.15
2017-06-12,38.81
2017-06-13,38.96
2017-06-14,37.7
2017-06-15,38.21
2017-06-16,38.1
2017-06-17,37.99
2017-06-18,37.04
2017-06-19,37.2
2017-06-20,38.14
2017-06-21,38.99
2017-06-22,39.39
2017-06-23,38.5
2017-06-24,38.72
2017-06-25,38.97
2017-06-26,40.65
2017-06-27,41.78
2017-06-28,39.4
2017-06-29,40.22
2017-06-30,38.67
2017-07-01,39.85
2017-07-02,39.5
2017-07-03,39.62
2017-07-04,40.44
2017-07-05,40.87
2017-07-06,40.56
2017-07-07,41.89
2017-07-08,43.37
2017-07-09,42.74
2017-07-10,45.3
2017-07-11,45.77
2017-07-12,44.2
2017-07-13,44.98
2017-07-14,45.16
2017-07-15,44.6
2017-07-16,46.29
2017-07-17,45.64
2017-07-18,43.68
2017-07-19,46.26
2017-07-20,49.1
2017-07-21,46.63
2017-07-22,46.45
2017-07-23,47.02
2017-07-24,47.16
2017-07-25,46.77
2017-07-26,47.84
2017-07-27,48.75
2017-07-28,50.74
2017-07-29,47.95
2017-07-30,49.33
2017-07-31,50.51
2017-08-01,47.61
2017-08-02,41.85
2017-08-03,44.64
2017-08-04,46.28
2017-08-05,46.8
2017-08-06,46.17
2017-08-07,45.98
2017-08-08,44.74
2017-08-09,44.64
2017-08-10,45.51
2017-08-11,46.03
2017-08-12,46.95
2017-08-13,48.8
2017-08-14,50.97
2017-08-15,49.54
2017-08-16,50.59
2017-08-17,49.35
2017-08-19,47.47
2017-08-20,46.78
2017-08-21,38.03
2017-08-22,44.83
2017-08-23,44.98
2017-08-24,46.87
2017-08-25,47.16
2017-08-26,46.92
2017-08-27,46.52
2017-08-28,46.33
2017-08-29,47.1
2017-08-30,45.23
2017-08-31,45.42
2017-09-01,45.72
2017-09-02,47.21
2017-09-03,46.18
2017-09-04,48.58
2017-09-05,47.25
2017-09-06,46.88
2017-09-07,47.07
2017-09-08,47.7
2017-09-09,48.15
2017-09-10,48.67
2017-09-11,47.65
2017-09-12,47.57
2017-09-13,46.92
2017-09-14,50.59
2017-09-15,50.18
2017-09-16,49.91
2017-09-17,49.96
2017-09-18,48.57
2017-09-19,47.06
2017-09-20,47.23
2017-09-21,47.68
2017-09-22,47.98
2017-09-23,47.2
2017-09-24,45.48
2017-09-25,46.56
2017-09-26,46.85
2017-09-27,47.89
2017-09-28,48.98
2017-09-29,49.17
2017-09-30,49.58
2017-10-01,49.83
2017-10-02,50.11
2017-10-03,49.99
2017-10-04,49.7
2017-10-05,50.22
2017-10-06,49.86
2017-10-07,50.11
2017-10-08,51.36
2017-10-09,53.37
2017-10-10,52.37
2017-10-11,52.57
2017-10-12,56.25
2017-10-13,55.14
2017-10-14,56.65
2017-10-15,55.41
2017-10-16,55.79
2017-10-17,55.32
2017-10-18,55.33
2017-10-19,56.61
2017-10-20,58.54
2017-10-21,58.46
2017-10-22,58.72
2017-10-23,58.43
2017-10-24,56.01
2017-10-25,57.44
2017-10-26,58.1
2017-10-27,57.4
2017-10-28,57.19
2017-10-29,58.1
2017-10-30,57.61
2017-10-31,59.49
2017-11-01,60.9
2017-11-02,61.18
2017-11-03,60.65
2017-11-04,62.0
2017-11-05,61.81
2017-11-06,59.44
2017-11-07,60.42
2017-11-08,60.26
2017-11-09,57.55
2017-11-10,55.4
2017-11-11,52.35
2017-11-12,50.37
2017-11-13,53.46
2017-11-14,52.27
2017-11-15,55.01
2017-11-16,58.33
2017-11-17,54.76
2017-11-18,55.31
2017-11-19,56.53
2017-11-20,56.26
2017-11-21,55.87
2017-11-22,54.88
2017-11-23,52.19
2017-11-24,51.27
2017-11-25,50.73
2017-11-26,51.81
2017-11-27,52.85
2017-11-28,51.68
2017-11-29,55.94
2017-11-30,53.13
2017-12-01,55.1
2017-12-02,54.7
2017-12-03,55.81
2017-12-04,55.15
2017-12-05,53.36
2017-12-06,59.48
2017-12-07,61.23
2017-12-08,59.36
2017-12-09,57.23
2017-12-10,57.49
2017-12-11,58.67
2017-12-12,56.96
2017-12-13,53.69
2017-12-14,50.68
2017-12-15,52.46
2017-12-16,54.25
2017-12-17,52.49
2017-12-18,49.65
2017-12-19,46.68
2017-12-20,43.78
2017-12-21,42.09
2017-12-22,45.11
2017-12-25,42.17
2017-12-26,42.55
2017-12-27,41.85
2017-12-28,41.13
2017-12-29,38.37
2017-12-30,36.19
2017-12-31,36.43
2018-01-01,35.64
2018-01-02,35.86
2018-01-03,33.3
2018-01-04,32.51
2018-01-05,34.98
2018-01-06,33.81
2018-01-07,31.82
2018-01-08,32.03
2018-01-09,30.76
2018-01-10,32.25
2018-01-11,31.98
2018-01-12,30.28
2018-01-13,30.0
2018-01-14,30.46
2018-01-15,31.75
2018-01-17,34.1
2018-01-18,33.19
2018-01-19,33.48
2018-01-20,33.24
2018-01-21,34.06
2018-01-22,34.12
2018-01-23,34.4
2018-01-24,34.61
2018-01-25,34.01
2018-01-26,34.58
2018-01-27,34.09
2018-01-28,33.02
2018-01-30,29.93
2018-01-31,34.16
2018-02-01,29.79
2018-02-02,32.95
2018-02-03,36.53
2018-02-04,31.03
2018-02-05,29.16
2018-02-06,40.31
2018-02-07,34.5
2018-02-08,38.74
2018-02-09,37.48
2018-02-10,34.22
2018-02-11,32.42
2018-02-12,37.45
2018-02-13,33.3
2018-02-14,38.74
2018-02-15,37.03
2018-02-16,36.25
2018-02-17,38.91
2018-02-18,35.04
2018-02-19,39.5
2018-02-20,38.69
2018-02-21,36.63
2018-02-22,39.09
2018-02-23,40.27
2018-02-24,36.75
2018-02-25,38.21
2018-02-26,40.63
2018-02-27,40.32
2018-02-28,38.4
2018-03-01,42.19
2018-03-02,41.15
2018-03-03,42.43
2018-03-04,42.37
2018-03-05,42.33
2018-03-06,39.32
2018-03-07,38.66
2018-03-08,36.06
2018-03-09,41.63
2018-03-10,39.56
2018-03-11,44.57
2018-03-12,40.39
2018-03-13,41.57
2018-03-14,37.6
2018-03-15,42.23
2018-03-16,42.36
2018-03-17,39.79
2018-03-18,44.34
2018-03-19,46.47
2018-03-20,45.07
2018-03-21,43.68
2018-03-22,42.4
2018-03-23,43.81
2018-03-24,42.9
2018-03-25,42.9
2018-03-26,41.57
2018-03-27,41.63
2018-03-28,44.63
2018-03-29,39.82
2018-03-30,43.28
2018-03-31,44.34
2018-04-01,43.22
2018-04-02,46.86
2018-04-03,47.66
2018-04-04,40.83
2018-04-05,44.66
2018-04-06,43.03
2018-04-07,46.68
2018-04-08,45.82
2018-04-09,43.3
2018-04-10,44.49
2018-04-11,44.37
2018-04-12,48.56
2018-04-13,42.56
2018-04-14,43.17
2018-04-15,44.97
2018-04-16,40.89
2018-04-17,41.0
2018-04-18,42.92
2018-04-19,41.22
2018-04-20,41.59
2018-04-21,39.62
2018-04-22,38.62
2018-04-23,39.03
2018-04-24,41.14
2018-04-25,34.22
2018-04-26,40.58
2018-04-27,36.79
2018-04-28,39.28
2018-04-29,37.61
2018-04-30,36.07
2018-05-01,36.74
2018-05-02,37.29
2018-05-03,38.5
2018-05-04,35.43
2018-05-05,36.59
2018-05-06,34.89
2018-05-07,34.72
2018-05-08,35.68
2018-05-09,35.52
2018-05-10,35.14
2018-05-11,34.43
2018-05-12,37.58
2018-05-13,37.89
2018-05-14,36.3
2018-05-15,35.48
2018-05-16,36.13
2018-05-17,35.47
2018-05-18,36.82
2018-05-19,37.18
2018-05-20,37.06
2018-05-21,37.3
2018-05-22,37.87
2018-05-23,38.54
2018-05-24,37.42
2018-05-25,37.66
2018-05-26,37.67
2018-05-27,37.82
2018-05-28,39.46
2018-05-29,38.38
2018-05-30,38.45
2018-05-31,38.15
2018-06-01,38.14
2018-06-02,37.76
2018-06-03,37.24
2018-06-04,37.07
2018-06-05,37.11
2018-06-06,37.63
2018-06-07,37.8
2018-06-08,37.99
2018-06-09,38.48
2018-06-10,38.61
2018-06-11,38.56
2018-06-12,39.23
2018-06-13,39.41
2018-06-14,38.94
2018-06-15,39.52
2018-06-16,39.66
2018-06-17,39.83
2018-06-18,39.63
2018-06-19,39.12
2018-06-20,39.26
2018-06-21,39.37
2018-06-22,39.72
2018-06-23,39.9
2018-06-24,40.9
2018-06-25,40.87
2018-06-26,41.78
2018-06-27,41.33
2018-06-28,41.47
2018-06-29,44.13
2018-07-02,40.7
2018-07-03,40.94
2018-07-04,40.44
2018-07-05,40.94
2018-07-06,41.42
2018-07-07,41.66
2018-07-08,41.29
2018-07-09,42.13
2018-07-10,42.18
2018-07-11,41.98
2018-07-12,42.74
2018-07-13,41.92
2018-07-14,41.71
2018-07-15,41.26
2018-07-16,41.25
2018-07-17,41.58
2018-07-18,42.53
2018-07-19,43.06
2018-07-20,44.24
2018-07-21,43.72
2018-07-22,44.11
2018-07-23,45.15
2018-07-24,46.75
2018-07-25,45.58
2018-07-26,46.11
2018-07-27,46.01
2018-07-28,46.01
2018-07-29,46.15
2018-07-30,46.68
2018-07-31,47.33
2018-08-01,46.95
2018-08-02,47.56
2018-08-03,46.86
2018-08-04,46.38
2018-08-05,46.25
2018-08-06,46.62
2018-08-07,47.13
2018-08-08,48.15
2018-08-09,47.45
2018-08-10,48.13
2018-08-11,49.05
2018-08-12,49.5
2018-08-13,51.83
2018-08-14,53.27
2018-08-15,52.7
2018-08-16,52.16
2018-08-17,49.97
2018-08-18,51.08
2018-08-19,50.77
2018-08-20,52.01
2018-08-21,51.81
2018-08-22,52.16
2018-08-23,52.45
2018-08-24,52.57
2018-08-25,52.54
2018-08-26,52.85
2018-08-27,52.88
2018-08-28,51.41
2018-08-29,51.69
2018-08-30,52.42
2018-08-31,52.09
2018-09-01,51.16
2018-09-02,51.71
2018-09-03,51.96
2018-09-04,52.2
2018-09-05,53.48
2018-09-06,53.68
2018-09-07,54.3
2018-09-08,55.01
2018-09-09,54.98
2018-09-10,55.39
2018-09-11,56.11
2018-09-12,56.57
2018-09-13,55.06
2018-09-14,55.21
2018-09-15,54.77
2018-09-16,54.72
2018-09-17,55.66
2018-09-18,54.58
2018-09-19,54.46
2018-09-20,52.42
2018-09-21,50.69
2018-09-22,50.99
2018-09-23,50.39
2018-09-24,51.98
2018-09-25,51.73
2018-09-26,51.77
2018-09-27,51.03
2018-09-28,51.23
2018-09-29,50.58
2018-09-30,50.42
2018-10-01,50.56
2018-10-02,50.94
2018-10-03,51.18
2018-10-04,51.18
2018-10-05,51.14
2018-10-06,51.58
2018-10-07,51.63
2018-10-08,51.18
2018-10-09,51.31
2018-10-10,51.45
2018-10-11,53.08
2018-10-12,52.59
2018-10-13,52.63
2018-10-14,52.56
2018-10-15,52.68
2018-10-16,52.66
2018-10-17,51.88
2018-10-18,52.61
2018-10-19,52.46
2018-10-20,52.08
2018-10-21,52.07
2018-10-22,52.4
2018-10-23,52.6
2018-10-24,52.66
2018-10-25,52.7
2018-10-26,52.72
2018-10-27,52.36
2018-10-28,52.71
2018-10-29,53.35
2018-10-30,52.98
2018-10-31,52.39
2018-11-01,52.56
2018-11-02,52.06
2018-11-03,52.17
2018-11-04,51.72
2018-11-05,51.5
2018-11-06,50.13
2018-11-07,50.44
2018-11-08,51.05
2018-11-09,51.18
2018-11-10,50.86
2018-11-11,51.43
2018-11-12,51.05
2018-11-13,51.35
2018-11-14,51.53
2018-11-15,52.16
2018-11-16,52.52
2018-11-17,51.62
2018-11-18,51.99
2018-11-19,51.9
2018-11-20,53.45
2018-11-21,52.24
2018-11-22,52.39
2018-11-23,52.84
2018-11-24,52.37
2018-11-25,52.92
2018-11-26,51.87
2018-11-27,51.94
2018-11-28,52.63
2018-11-29,53.2
2018-11-30,53.44
2018-12-01,53.2
2018-12-02,52.88
2018-12-03,53.06
2018-12-04,53.98
2018-12-05,53.34
2018-12-06,52.73
2018-12-07,54.09
2018-12-08,55.84
2018-12-09,55.3
2018-12-10,55.58
2018-12-11,55.27
2018-12-12,55.23
2018-12-13,54.79
2018-12-14,55.14
2018-12-15,55.07
2018-12-16,54.97
2018-12-17,54.5
2018-12-18,53.98
2018-12-19,54.24
2018-12-20,54.12
2018-12-21,53.31
2018-12-22,53.37
2018-12-23,52.23
2018-12-24,51.07
2018-12-25,51.76
2018-12-26,51.94
2018-12-27,53.41
2018-12-28,52.48
2018-12-29,50.53
2018-12-30,52.08
2018-12-31,52.19
2019-01-01,52.64
2019-01-02,51.49
2019-01-03,51.53
2019-01-04,51.36
2019-01-05,50.98
2019-01-06,52.17
2019-01-07,52.01
2019-01-08,51.93
2019-01-09,51.61
2019-01-10,52.76
2019-01-11,53.01
2019-01-12,52.66
2019-01-13,53.4
2019-01-14,52.76
2019-01-15,53.25
2019-01-16,52.94
2019-01-17,52.86
2019-01-18,52.94
2019-01-19,52.72
2019-01-20,52.88
2019-01-21,52.85
2019-01-22,52.42
2019-01-23,52.51
2019-01-24,52.59
2019-01-25,52.76
2019-01-26,52.66
2019-01-27,52.88
2019-01-28,53.87
2019-01-29,53.76
2019-01-30,52.95
2019-01-31,53.19
2019-02-01,53.35
2019-02-02,53.97
2019-02-03,53.31
2019-02-04,53.1
2019-02-05,53.15
2019-02-06,53.57
2019-02-07,53.28
2019-02-08,53.33
2019-02-09,52.9
2019-02-10,53.09
2019-02-11,52.75
2019-02-12,52.91
2019-02-13,52.9
2019-02-14,53.0
2019-02-15,52.91
2019-02-16,52.52
2019-02-17,52.45
2019-02-18,52.37
2019-02-19,51.75
2019-02-20,51.96
2019-02-21,52.3
2019-02-22,52.02
2019-02-23,51.74
2019-02-24,52.56
2019-02-25,52.45
2019-02-26,52.55
2019-02-27,53.37
2019-02-28,52.54
2019-03-01,52.1
2019-03-02,52.59
2019-03-03,52.57
2019-03-04,53.08
2019-03-05,52.29
2019-03-06,51.92
2019-03-07,51.72
2019-03-08,52.48
2019-03-09,51.85
2019-03-10,51.78
2019-03-11,51.85
2019-03-12,51.41
2019-03-13,51.68
2019-03-14,51.56
2019-03-15,50.71
2019-03-16,50.58
2019-03-17,50.81
2019-03-18,50.91
2019-03-19,51.03
2019-03-20,50.69
2019-03-21,51.02
2019-03-22,50.51
2019-03-23,50.45
2019-03-24,50.37
2019-03-25,50.58
2019-03-26,50.82
2019-03-27,50.41
2019-03-28,50.23
2019-03-29,49.61
2019-03-30,49.66
2019-03-31,49.48
2019-04-01,49.55
2019-04-02,51.2
2019-04-03,49.65
2019-04-04,50.9
2019-04-05,50.08
2019-04-06,50.23
2019-04-07,50.21
2019-04-08,50.67
2019-04-09,50.87
2019-04-10,51.21
2019-04-11,51.76
2019-04-12,51.68
2019-04-13,51.85
2019-04-14,51.46
2019-04-15,51.83
2019-04-16,52.22
2019-04-17,52.08
2019-04-18,51.59
2019-04-19,51.84
2019-04-20,52.07
2019-04-21,52.51
2019-04-22,52.5
2019-04-23,53.59
2019-04-24,54.6
2019-04-25,51.68
2019-04-26,54.48
2019-04-27,54.1
2019-04-28,54.61
2019-04-29,55.53
2019-04-30,54.35
2019-05-01,55.16
2019-05-02,55.25
2019-05-03,55.53
2019-05-04,55.99
2019-05-05,56.36
2019-05-06,55.57
2019-05-07,55.65
2019-05-08,56.89
2019-05-09,58.57
2019-05-10,58.26
2019-05-11,58.26
2019-05-12,58.89
2019-05-13,59.74
2019-05-14,59.68
2019-05-15,57.31
2019-05-16,56.24
2019-05-17,56.81
2019-05-18,55.97
2019-05-19,57.16
2019-05-20,57.56
2019-05-21,56.67
2019-05-22,56.26
2019-05-23,56.65
2019-05-24,56.13
2019-05-25,56.51
2019-05-26,57.33
2019-05-27,56.98
2019-05-28,56.42
2019-05-29,55.63
2019-05-30,56.11
2019-05-31,56.12
2019-06-01,55.53
2019-06-02,55.92
2019-06-03,53.9
2019-06-04,55.78
2019-06-05,55.58
2019-06-06,55.72
2019-06-07,55.13
2019-06-08,55.35
2019-06-09,56.36
2019-06-10,55.63
2019-06-11,55.25
2019-06-12,55.29
2019-06-13,55.18
2019-06-14,56.67
2019-06-15,56.59
2019-06-16,56.25
2019-06-17,56.79
2019-06-18,57.12
2019-06-19,56.82
2019-06-20,57.35
2019-06-21,58.98
2019-06-22,59.53
2019-06-23,58.46
2019-06-24,59.12
2019-06-25,60.64
2019-06-26,64.75
2019-06-27,61.2
2019-06-28,63.33
2019-06-29,61.53
2019-06-30,60.44
2019-07-01,61.01
2019-07-02,61.23
2019-07-03,62.98
2019-07-04,60.32
2019-07-05,61.76
2019-07-06,61.97
2019-07-07,62.22
2019-07-08,63.38
2019-07-09,64.2
2019-07-10,65.02
2019-07-11,64.98
2019-07-12,65.35
2019-07-13,65.29
2019-07-14,63.47
2019-07-15,66.01
2019-07-16,65.68
2019-07-17,64.76
2019-07-18,66.28
2019-07-19,66.03
2019-07-20,64.13
2019-07-21,65.48
2019-07-22,65.42
2019-07-23,63.79
2019-07-24,64.64
2019-07-25,64.59
2019-07-26,64.45
2019-07-27,64.16
2019-07-28,64.05
2019-07-29,64.05
2019-07-30,64.36
2019-07-31,65.25
2019-08-01,65.67
2019-08-02,65.94
2019-08-03,66.43
2019-08-04,66.63
2019-08-05,67.73
2019-08-06,68.63
2019-08-07,68.57
2019-08-08,69.33
2019-08-09,69.77
2019-08-10,68.91
2019-08-11,68.51
2019-08-12,68.33
2019-08-13,67.68
2019-08-14,66.66
2019-08-15,67.85
2019-08-16,68.75
2019-08-17,68.32
2019-08-18,67.8
2019-08-19,68.47
2019-08-20,68.32
2019-08-21,68.77
2019-08-22,67.56
2019-08-23,68.33
2019-08-24,67.76
2019-08-25,68.55
2019-08-26,68.8
2019-08-27,68.66
2019-08-28,68.91
2019-08-29,68.92
2019-08-30,68.85
2019-08-31,68.85
2019-09-01,69.28
2019-09-02,69.77
2019-09-03,69.9
2019-09-04,71.0
2019-09-05,70.61
2019-09-06,70.55
2019-09-07,70.45
2019-09-08,69.88
2019-09-09,69.45
2019-09-10,69.28
2019-09-11,69.86
2019-09-12,70.1
2019-09-13,70.34
2019-09-14,69.56
2019-09-15,69.68
2019-09-16,68.97
2019-09-17,67.91
2019-09-18,67.17
2019-09-19,67.59
2019-09-20,67.44
2019-09-21,67.46
2019-09-22,68.13
2019-09-23,68.05
2019-09-24,69.1
2019-09-25,68.62
2019-09-26,67.99
2019-09-27,68.01
2019-09-28,68.19
2019-09-29,67.91
2019-09-30,67.85
2019-10-01,67.66
2019-10-02,68.34
2019-10-03,67.93
2019-10-04,67.56
2019-10-05,67.18
2019-10-06,67.84
2019-10-07,66.72
2019-10-08,66.84
2019-10-09,66.77
2019-10-10,66.98
2019-10-11,66.87
2019-10-12,66.92
2019-10-13,66.81
2019-10-14,66.49
2019-10-15,66.65
2019-10-16,66.45
2019-10-17,66.12
2019-10-18,65.76
2019-10-19,66.27
2019-10-20,66.46
2019-10-21,66.46
2019-10-22,65.99
2019-10-23,66.41
2019-10-24,65.69
2019-10-25,66.92
2019-10-26,68.76
2019-10-27,68.1
2019-10-28,66.36
2019-10-29,67.06
2019-10-30,67.1
2019-10-31,67.66
2019-11-01,67.54
2019-11-02,67.39
2019-11-03,67.27
2019-11-04,67.51
2019-11-05,66.8
2019-11-06,66.49
2019-11-07,66.74
2019-11-08,66.15
2019-11-09,66.04
2019-11-10,65.85
2019-11-11,65.87
2019-11-12,66.06
2019-11-13,66.14
2019-11-14,66.05
2019-11-15,65.56
2019-11-16,66.07
2019-11-17,65.81
2019-11-18,66.43
2019-11-19,66.46
2019-11-20,65.51
2019-11-21,66.19
2019-11-22,66.64
2019-11-23,66.56
2019-11-24,66.14
2019-11-25,65.88
2019-11-26,66.88
2019-11-27,66.7
2019-11-28,67.11
2019-11-29,67.14
2019-11-30,66.91
2019-12-01,66.69
2019-12-02,66.38
2019-12-03,66.64
2019-12-04,67.06
2019-12-05,67.32
2019-12-06,67.19
2019-12-07,67.24
2019-12-08,66.98
2019-12-09,67.15
2019-12-10,66.96
2019-12-11,66.93
2019-12-12,67.07
2019-12-13,66.9
2019-12-14,66.91
2019-12-15,66.86
2019-12-16,67.32
2019-12-17,67.92
2019-12-18,68.15
2019-12-19,68.98
2019-12-20,68.53
2019-12-21,68.82
2019-12-22,69.61
2019-12-23,69.48
2019-12-24,69.24
2019-12-25,69.38
2019-12-26,69.17
2019-12-27,69.11
2019-12-28,68.56
2019-12-29,68.49
2019-12-30,68.49
2019-12-31,68.35
2020-01-01,68.28
2020-01-02,68.25
2020-01-03,68.65
2020-01-04,68.75
2020-01-05,68.53
2020-01-06,68.26
2020-01-07,70.01
2020-01-08,69.19
2020-01-09,69.17
2020-01-10,69.33
2020-01-11,67.86
2020-01-12,68.59
2020-01-13,68.55
2020-01-14,67.13
2020-01-15,66.03
2020-01-16,66.45
2020-01-17,65.98
2020-01-18,66.34
2020-01-19,66.91
2020-01-20,65.89
2020-01-21,66.25
2020-01-22,66.07
2020-01-23,66.19
2020-01-24,66.3
2020-01-25,66.42
2020-01-26,66.41
2020-01-27,66.31
2020-01-28,67.97
2020-01-29,66.53
2020-01-30,65.86
2020-01-31,66.13
2020-02-01,66.25
2020-02-02,65.29
2020-02-03,65.54
2020-02-04,65.0
2020-02-05,64.54
2020-02-06,64.6
2020-02-07,64.1
2020-02-08,63.76
2020-02-09,64.14
2020-02-10,63.63
2020-02-11,63.35
2020-02-12,62.07
2020-02-13,61.88
2020-02-14,60.96
2020-02-15,61.54
2020-02-16,63.53
2020-02-17,62.82
2020-02-18,62.42
2020-02-19,62.37
2020-02-20,62.91
2020-02-21,63.15
2020-02-22,62.92
2020-02-23,62.82
2020-02-24,63.06
2020-02-25,63.21
2020-02-26,64.44
2020-02-27,64.05
2020-02-28,63.35
2020-02-29,63.75
2020-03-01,64.06
2020-03-02,63.25
2020-03-03,63.82
2020-03-04,63.71
2020-03-05,63.85
2020-03-06,63.59
2020-03-07,63.39
2020-03-08,63.91
2020-03-09,64.7
2020-03-10,63.79
2020-03-11,64.37
2020-03-12,54.92
2020-03-13,63.49
2020-03-14,62.9
2020-03-15,64.75
2020-03-16,64.3
2020-03-17,62.38
2020-03-18,63.02
2020-03-19,63.4
2020-03-20,65.22
2020-03-21,65.14
2020-03-22,65.02
2020-03-23,66.22
2020-03-24,66.03
2020-03-25,66.45
2020-03-26,66.42
2020-03-27,63.96
2020-03-28,65.62
2020-03-29,65.45
2020-03-30,65.33
2020-03-31,65.62
2020-04-01,66.3
2020-04-02,65.18
2020-04-03,64.87
2020-04-04,65.13
2020-04-05,65.11
2020-04-06,64.03
2020-04-07,64.27
2020-04-08,63.74
2020-04-09,63.94
2020-04-10,64.05
2020-04-11,63.9
2020-04-12,64.8
2020-04-13,64.04
2020-04-14,63.82
2020-04-15,64.07
2020-04-16,63.9
2020-04-17,64.09
2020-04-18,62.97
2020-04-19,63.45
2020-04-20,63.27
2020-04-21,63.72
2020-04-22,63.13
2020-04-23,63.59
2020-04-24,63.92
2020-04-25,63.47
2020-04-26,63.78
2020-04-27,64.21
2020-04-30,64.43
2020-05-01,64.95
2020-05-02,65.21
2020-05-03,65.05
2020-05-04,65.48
2020-05-05,65.74
2020-05-06,66.91
2020-05-07,67.29
2020-05-08,67.07
2020-05-09,66.62
2020-05-10,66.04
2020-05-11,66.27
2020-05-12,66.08
2020-05-13,66.53
2020-05-14,67.82
2020-05-15,67.3
2020-05-16,66.79
2020-05-17,67.16
2020-05-18,66.82
2020-05-19,66.63
2020-05-20,66.51
2020-05-21,65.93
2020-05-22,65.61
2020-05-23,65.76
2020-05-24,63.81
2020-05-25,65.37
2020-05-26,65.18
2020-05-27,66.23
2020-05-28,66.12
2020-05-29,65.65
2020-05-30,64.85
2020-05-31,64.88
2020-06-01,67.8
2020-06-02,64.89
2020-06-03,64.74
2020-06-04,64.62
2020-06-05,64.74
2020-06-06,64.44
2020-06-07,64.69
2020-06-08,64.42
2020-06-09,64.69
2020-06-10,64.48
2020-06-11,64.62
2020-06-12,64.56
2020-06-13,64.39
2020-06-14,64.82
2020-06-15,64.98
2020-06-16,64.88
2020-06-17,64.59
2020-06-18,64.72
2020-06-19,64.03
2020-06-20,64.03
2020-06-21,64.06
2020-06-22,63.92
2020-06-23,64.08
2020-06-24,63.92
2020-06-25,63.84
2020-06-26,63.73
2020-06-27,64.46
2020-06-28,64.42
2020-06-29,64.03
2020-06-30,64.08
2020-07-01,63.79
2020-07-02,63.9
2020-07-03,63.49
2020-07-04,63.24
2020-07-05,63.21
2020-07-06,62.71
2020-07-07,62.44
2020-07-08,61.6
2020-07-09,61.96
2020-07-10,62.11
2020-07-11,61.57
2020-07-12,61.25
2020-07-13,61.48
2020-07-14,61.18
2020-07-15,61.03
2020-07-16,61.33
2020-07-17,61.14
2020-07-18,60.97
2020-07-19,60.9
2020-07-20,61.28
2020-07-21,61.16
2020-07-22,60.78
2020-07-23,60.33
2020-07-24,60.27
2020-07-25,59.35
2020-07-26,59.75
2020-07-27,60.98
2020-07-28,61.25
2020-07-29,61.82
2020-07-30,61.05
2020-07-31,61.4
2020-08-01,60.28
2020-08-02,59.64
2020-08-03,59.62
2020-08-04,59.02
2020-08-05,59.99
2020-08-06,59.86
2020-08-07,59.79
2020-08-08,59.49
2020-08-09,59.13
2020-08-10,59.21
2020-08-11,59.34
2020-08-12,58.74
2020-08-13,58.16
2020-08-14,57.33
2020-08-15,57.34
2020-08-16,56.96
2020-08-17,56.92
2020-08-18,57.23
2020-08-19,57.84
2020-08-20,57.74
2020-08-21,57.98
2020-08-22,57.3
2020-08-23,57.32
2020-08-24,56.85
2020-08-25,56.86
2020-08-26,56.88
2020-08-27,57.31
2020-08-28,56.95
2020-08-29,56.06
2020-08-30,55.79
2020-08-31,55.33
2020-09-01,54.57
2020-09-02,54.77
2020-09-03,53.07
2020-09-04,55.66
2020-09-05,58.36
2020-09-06,56.82
2020-09-07,56.53
2020-09-08,56.9
2020-09-09,56.3
2020-09-10,55.93
2020-09-11,55.71
2020-09-12,55.14
2020-09-13,55.65
2020-09-14,56.06
2020-09-15,56.88
2020-09-16,57.06
2020-09-17,56.78
2020-09-18,56.72
2020-09-19,57.06
2020-09-20,57.27
2020-09-21,57.58
2020-09-22,57.85
2020-09-23,57.9
2020-09-24,57.6
2020-09-25,57.25
2020-09-26,57.23
2020-09-27,57.01
2020-09-28,56.23
2020-09-29,57.48
2020-09-30,57.08
2020-10-01,56.96
2020-10-02,57.36
2020-10-03,57.24
2020-10-04,57.12
2020-10-05,57.54
2020-10-06,57.9
2020-10-07,57.91
2020-10-08,57.84
2020-10-09,57.37
2020-10-10,57.32
2020-10-11,57.78
2020-10-12,57.05
2020-10-13,57.35
2020-10-14,57.86
2020-10-15,57.83
2020-10-16,58.1
2020-10-17,58.3
2020-10-18,58.24
2020-10-19,58.68
2020-10-20,59.64
2020-10-21,58.96
2020-10-22,59.69
2020-10-23,60.05
2020-10-24,60.22
2020-10-25,60.21
2020-10-26,60.85
2020-10-27,61.09
2020-10-28,61.53
2020-10-29,62.23
2020-10-30,62.49
2020-10-31,62.41
2020-11-01,62.53
2020-11-02,62.71
2020-11-03,63.62
2020-11-04,63.49
2020-11-05,64.87
2020-11-06,63.33
2020-11-07,63.22
2020-11-08,63.27
2020-11-09,63.83
2020-11-10,62.7
2020-11-11,63.07
2020-11-12,64.52
2020-11-13,63.63
2020-11-14,63.83
2020-11-15,64.1
2020-11-16,64.29
2020-11-17,65.04
2020-11-18,65.14
2020-11-19,64.88
2020-11-20,65.14
2020-11-21,63.56
2020-11-22,61.72
2020-11-23,60.53
2020-11-24,60.76
2020-11-25,61.31
2020-11-26,61.32
2020-11-27,61.66
2020-11-28,60.83
2020-11-29,61.16
2020-11-30,62.31
2020-12-01,61.29
2020-12-02,61.61
2020-12-03,61.35
2020-12-04,62.21
2020-12-05,62.06
2020-12-06,62.28
2020-12-07,61.95
2020-12-08,61.26
2020-12-09,61.7
2020-12-10,61.64
2020-12-11,61.75
2020-12-12,62.17
2020-12-13,62.49
2020-12-14,62.42
2020-12-15,62.62
2020-12-16,63.49
2020-12-17,63.94
2020-12-18,64.63
2020-12-19,64.71
2020-12-20,65.17
2020-12-21,64.63
2020-12-22,66.49
2020-12-23,67.9
2020-12-24,67.34
2020-12-25,67.95
2020-12-26,69.3
2020-12-27,68.14
2020-12-28,68.54
2020-12-29,69.05
2020-12-30,69.66
2020-12-31,69.15
2021-01-01,69.75
2021-01-02,70.37
2021-01-03,68.24
2021-01-04,68.74
2021-01-05,67.17
2021-01-06,68.68
2021-01-07,67.63
2021-01-08,69.69
2021-01-09,67.83
2021-01-10,67.04
2021-01-11,70.21
2021-01-12,67.78
2021-01-13,68.2
2021-01-14,68.6
2021-01-15,66.98
2021-01-16,65.71
2021-01-17,64.45
2021-01-18,65.6
2021-01-19,62.97
2021-01-20,64.61
2021-01-21,63.48
2021-01-22,63.76
2021-01-23,62.7
2021-01-24,61.72
2021-01-25,61.96
2021-01-26,62.12
2021-01-27,61.56
2021-01-28,62.2
2021-01-29,62.16
2021-01-30,61.38
2021-01-31,61.51
2021-02-01,61.17
2021-02-02,60.48
2021-02-03,60.75
2021-02-04,59.65
2021-02-05,59.42
2021-02-06,59.17
2021-02-07,60.43
2021-02-08,63.41
2021-02-09,61.17
2021-02-10,59.76
2021-02-11,60.69
2021-02-12,58.84
2021-02-13,58.65
2021-02-14,59.38
2021-02-15,59.41
2021-02-16,60.38
2021-02-17,60.7
2021-02-18,59.25
2021-02-19,59.97
2021-02-20,61.57
2021-02-21,60.3
2021-02-22,59.85
2021-02-23,60.44
2021-02-24,60.76
2021-02-25,58.58
2021-02-26,60.44
2021-02-27,58.9
2021-02-28,59.37
2021-03-01,60.33
2021-03-02,60.27
2021-03-03,59.57
2021-03-04,59.46
2021-03-05,59.09
2021-03-06,58.48
2021-03-07,59.74
2021-03-08,59.64
2021-03-09,58.46
2021-03-10,58.88
2021-03-11,60.09
2021-03-12,60.64
2021-03-13,60.77
2021-03-14,60.03
2021-03-15,59.25
2021-03-16,59.33
2021-03-17,59.68
2021-03-18,59.32
2021-03-19,58.71
2021-03-20,58.54
2021-03-21,58.42
2021-03-22,58.51
2021-03-23,58.74
2021-03-24,59.19
2021-03-25,58.5
2021-03-26,58.84
2021-03-27,58.05
2021-03-28,58.68
2021-03-29,58.03
2021-03-30,58.11
2021-03-31,57.68
2021-04-01,56.96
2021-04-02,56.38
2021-04-03,55.82
2021-04-04,55.67
2021-04-05,54.21
2021-04-06,53.74
2021-04-07,53.8
2021-04-08,54.0
2021-04-09,53.55
2021-04-10,53.62
2021-04-11,52.96
2021-04-12,52.38
2021-04-13,52.95
2021-04-14,51.49
2021-04-15,50.59
2021-04-16,49.72
2021-04-17,49.69
2021-04-18,49.2
2021-04-19,49.32
2021-04-20,49.42
2021-04-21,48.59
2021-04-22,48.61
2021-04-23,49.3
2021-04-24,48.75
2021-04-25,49.05
2021-04-26,48.77
2021-04-27,47.69
2021-04-28,47.63
2021-04-29,46.66
2021-04-30,47.89
2021-05-01,46.62
2021-05-02,46.31
2021-05-03,44.67
2021-05-04,43.69
2021-05-05,43.69
2021-05-06,42.75
2021-05-07,43.64
2021-05-11,41.96
2021-05-12,38.55
2021-05-13,41.0
2021-05-14,39.02
2021-05-15,38.06
2021-05-16,39.36
2021-05-17,39.51
2021-05-18,37.64
2021-05-19,39.57
2021-05-20,40.98
2021-05-21,42.61
2021-05-22,43.52
2021-05-23,45.45
2021-05-24,43.02
2021-05-25,41.6
2021-05-26,41.29
2021-05-27,41.07
2021-05-28,42.37
2021-05-29,42.55
2021-05-30,41.67
2021-05-31,41.35
2021-06-01,40.9
2021-06-02,40.5
2021-06-03,40.34
2021-06-04,39.89
2021-06-05,40.42
2021-06-06,39.98
2021-06-07,38.93
2021-06-08,39.7
2021-06-09,41.48
2021-06-10,42.13
2021-06-11,43.3
2021-06-12,42.26
2021-06-13,43.47
2021-06-14,44.06
2021-06-15,43.88
2021-06-16,43.5
2021-06-17,44.0
2021-06-18,43.63
2021-06-19,43.46
2021-06-20,43.15
2021-06-21,44.7
2021-06-22,46.09
2021-06-23,45.49
2021-06-24,45.14
2021-06-25,44.98
2021-06-26,45.34
2021-06-27,45.85
2021-06-28,44.79
2021-06-29,44.59
2021-06-30,44.05
2021-07-01,43.77
2021-07-02,44.23
2021-07-03,44.13
2021-07-04,43.32
2021-07-05,42.95
2021-07-06,42.94
2021-07-07,42.17
2021-07-08,43.68
2021-07-09,43.38
2021-07-10,43.6
2021-07-11,43.63
2021-07-12,43.87
2021-07-13,44.34
2021-07-14,43.78
2021-07-15,43.72
2021-07-16,44.33
2021-07-17,44.36
2021-07-18,44.78
2021-07-19,44.69
2021-07-20,45.05
2021-07-21,44.72
2021-07-22,44.46
2021-07-23,44.66
2021-07-24,44.67
2021-07-25,45.56
2021-07-26,45.98
2021-07-27,46.6
2021-07-28,47.04
2021-07-29,46.64
2021-07-30,47.34
2021-07-31,45.94
2021-08-01,44.97
2021-08-02,44.15
2021-08-03,44.07
2021-08-04,44.09
2021-08-05,44.16
2021-08-06,44.9
2021-08-07,44.89
2021-08-08,44.24
2021-08-09,45.27
2021-08-10,44.34
2021-08-11,43.55
2021-08-12,44.13
2021-08-13,43.78
2021-08-14,43.06
2021-08-15,42.36
2021-08-16,42.27
2021-08-17,42.41
2021-08-18,42.39
2021-08-19,43.37
2021-08-20,42.8
2021-08-21,42.3
2021-08-22,42.83
2021-08-23,41.88
2021-08-24,41.76
2021-08-25,42.52
2021-08-26,42.14
2021-08-27,42.17
2021-08-28,42.31
2021-08-29,42.13
2021-08-30,41.03
2021-08-31,41.11
2021-09-01,40.39
2021-09-02,39.97
2021-09-03,40.22
2021-09-04,39.86
2021-09-05,40.07
2021-09-06,40.12
2021-09-07,40.6
2021-09-08,39.14
2021-09-09,39.5
2021-09-10,40.38
2021-09-11,39.44
2021-09-12,39.54
2021-09-13,39.6
2021-09-14,40.03
2021-09-15,39.74
2021-09-16,40.01
2021-09-17,40.35
2021-09-18,40.66
2021-09-19,40.94
2021-09-20,40.56
2021-09-21,41.03
2021-09-22,40.19
2021-09-23,40.32
2021-09-24,40.02
2021-09-25,40.49
2021-09-26,40.5
2021-09-27,39.9
2021-09-28,40.22
2021-09-29,40.76
2021-09-30,41.02
2021-10-01,41.6
2021-10-02,40.37
2021-10-03,40.92
2021-10-04,41.53
2021-10-05,41.97
2021-10-06,43.56
2021-10-07,42.62
2021-10-08,42.56
2021-10-09,42.96
2021-10-10,43.6
2021-10-11,44.65
2021-10-12,43.87
2021-10-13,43.87
2021-10-14,43.26
2021-10-15,44.79
2021-10-16,44.34
2021-10-17,45.18
2021-10-18,45.36
2021-10-19,46.06
2021-10-20,45.12
2021-10-21,44.28
2021-10-22,43.38
2021-10-23,43.45
2021-10-24,43.32
2021-10-25,43.1
2021-10-26,42.6
2021-10-27,42.84
2021-10-28,42.35
2021-10-29,42.06
2021-10-30,42.59
2021-10-31,42.05
2021-11-01,41.53
2021-11-02,41.79
2021-11-03,41.28
2021-11-04,40.94
2021-11-05,40.57
2021-11-06,40.52
2021-11-07,40.77
2021-11-08,41.94
2021-11-09,41.31
2021-11-10,41.42
2021-11-11,40.82
2021-11-12,41.23
2021-11-13,40.95
2021-11-14,41.54
2021-11-15,40.93
2021-11-16,40.92
2021-11-17,41.34
2021-11-18,41.43
2021-11-19,40.29
2021-11-20,40.26
2021-11-21,39.79
2021-11-22,39.75
2021-11-23,39.77
2021-11-24,40.09
2021-11-25,39.69
2021-11-26,39.24
2021-11-27,39.27
2021-11-28,40.57
2021-11-29,39.56
2021-11-30,38.72
2021-12-01,39.17
2021-12-02,38.63
2021-12-03,39.04
2021-12-04,38.07
2021-12-05,38.79
2021-12-06,38.22
2021-12-07,38.73
2021-12-08,38.14
2021-12-09,38.05
2021-12-10,38.3
2021-12-11,39.24
2021-12-12,38.95
2021-12-13,39.15
2021-12-14,39.79
2021-12-15,38.97
2021-12-16,38.38
2021-12-17,38.31
2021-12-18,38.19
2021-12-19,37.86
2021-12-20,38.36
2021-12-21,38.51
2021-12-22,38.0
2021-12-23,38.23
2021-12-24,38.65
2021-12-25,38.24
2021-12-26,37.99
2021-12-27,37.86
2021-12-28,38.06
2021-12-29,37.45
2021-12-30,38.34
2021-12-31,37.88
2022-01-01,37.97
2022-01-02,37.53
2022-01-03,37.47
2022-01-04,36.61
2022-01-05,37.78
2022-01-06,37.22
2022-01-07,37.84
2022-01-08,38.07
2022-01-09,37.86
2022-01-10,38.83
2022-01-11,38.13
2022-01-12,37.63
2022-01-13,37.54
2022-01-14,37.18
2022-01-15,37.22
2022-01-16,37.02
2022-01-17,37.39
2022-01-18,37.67
2022-01-19,37.74
2022-01-20,37.74
2022-01-21,39.41
2022-01-22,39.42
2022-01-23,39.9
2022-01-24,40.21
2022-01-25,40.05
2022-01-26,39.64
2022-01-27,40.4
2022-01-28,40.14
2022-01-29,39.78
2022-01-30,40.17
2022-01-31,39.8
2022-02-01,39.47
2022-02-02,38.92
2022-02-03,39.28
2022-02-04,40.56
2022-02-05,39.47
2022-02-06,40.23
2022-02-07,39.42
2022-02-08,40.07
2022-02-09,39.31
2022-02-10,39.63
2022-02-11,40.82
2022-02-12,40.35
2022-02-13,40.48
2022-02-14,40.6
2022-02-15,40.66
2022-02-16,40.02
2022-02-17,39.61
2022-02-18,40.0
2022-02-19,40.13
2022-02-20,39.75
2022-02-21,39.3
2022-02-22,40.67
2022-02-23,39.5
2022-02-24,41.04
2022-02-25,40.01
2022-02-26,39.64
2022-02-27,39.9
2022-02-28,41.11
2022-03-01,41.54
2022-03-02,41.19
2022-03-03,41.1
2022-03-04,40.66
2022-03-05,40.27
2022-03-06,39.9
2022-03-07,40.59
2022-03-08,40.82
2022-03-09,41.61
2022-03-10,40.74
2022-03-11,40.47
2022-03-12,40.45
2022-03-13,40.37
2022-03-14,41.1
2022-03-15,40.74
2022-03-16,41.27
2022-03-17,40.61
2022-03-18,40.58
2022-03-19,40.58
2022-03-20,40.22
2022-03-21,39.9
2022-03-22,40.06
2022-03-23,40.3
2022-03-24,40.15
2022-03-25,40.6
2022-03-26,40.43
2022-03-27,40.85
2022-03-28,39.9
2022-03-29,40.42
2022-03-30,39.89
2022-03-31,39.72
2022-04-01,39.13
2022-04-02,38.74
2022-04-03,38.64
2022-04-04,39.06
2022-04-05,38.81
2022-04-06,39.16
2022-04-07,39.11
2022-04-08,38.99
2022-04-09,39.22
2022-04-10,39.07
2022-04-11,38.83
2022-04-12,39.24
2022-04-13,38.92
2022-04-14,38.88
2022-04-15,38.98
2022-04-16,38.78
2022-04-17,38.41
2022-04-18,39.13
2022-04-19,39.09
2022-04-20,38.85
2022-04-21,39.08
2022-04-22,38.74
2022-04-23,38.44
2022-04-24,38.84
2022-04-25,39.2
2022-04-26,38.84
2022-04-27,39.48
2022-04-28,39.51
2022-04-29,39.7
2022-04-30,39.41
2022-05-01,40.22
2022-05-02,39.99
2022-05-03,39.83
2022-05-04,39.84
2022-05-05,39.55
2022-05-06,39.21
2022-05-07,39.94
2022-05-08,38.87
2022-05-09,39.31
2022-05-10,40.15
2022-05-11,41.96
2022-05-12,43.74
2022-05-13,41.48
2022-05-14,42.55
2022-05-15,42.66
2022-05-16,42.29
2022-05-17,42.38
2022-05-18,42.18
2022-05-19,43.19
2022-05-20,42.62
2022-05-21,42.53
2022-05-22,42.65
2022-05-23,42.12
2022-05-24,42.54
2022-05-25,42.48
2022-05-26,43.51
2022-05-27,43.56
2022-05-28,43.77
2022-05-29,43.72
2022-05-30,43.99
2022-05-31,44.19
2022-06-01,44.02
2022-06-02,44.15
2022-06-03,44.19
2022-06-04,44.15
2022-06-05,43.98
2022-06-06,44.85
2022-06-07,44.82
2022-06-08,44.34
2022-06-09,44.52
2022-06-10,44.5
2022-06-11,44.99
2022-06-12,44.75
2022-06-13,43.51
2022-06-14,43.99
2022-06-15,42.84
2022-06-16,41.96
2022-06-17,41.92
2022-06-18,41.37
2022-06-19,41.3
2022-06-20,41.95
2022-06-21,41.18
2022-06-22,41.01
2022-06-23,41.56
2022-06-24,40.48
2022-06-25,40.74
2022-06-26,40.56
2022-06-27,40.34
2022-06-28,40.72
2022-06-29,40.77
2022-06-30,42.09
2022-07-01,40.66
2022-07-02,40.29
2022-07-03,40.44
2022-07-04,40.85
2022-07-05,40.53
2022-07-06,40.81
2022-07-07,41.55
2022-07-08,41.69
2022-07-09,41.32
2022-07-10,41.09
2022-07-11,41.17
2022-07-12,40.78
2022-07-13,41.76
2022-07-14,40.73
2022-07-15,40.54
2022-07-16,40.17
2022-07-17,39.75
2022-07-18,40.97
2022-07-19,40.37
2022-07-20,40.87
2022-07-21,40.49
2022-07-22,40.24
2022-07-23,40.34
2022-07-24,39.49
2022-07-25,39.58
2022-07-26,40.09
2022-07-27,40.27
2022-07-28,39.99
2022-07-29,39.3
2022-07-30,39.58
2022-07-31,39.54
2022-08-01,40.01
2022-08-02,39.32
2022-08-03,39.46
2022-08-04,39.19
2022-08-05,38.94
2022-08-06,38.4
2022-08-07,38.5
2022-08-08,38.78
2022-08-09,38.78
2022-08-10,38.41
2022-08-11,38.47
2022-08-12,38.72
2022-08-13,38.11
2022-08-14,38.3
2022-08-15,38.6
2022-08-16,38.42
2022-08-17,38.3
2022-08-18,38.04
2022-08-19,37.78
2022-08-20,38.55
2022-08-21,38.54
2022-08-22,38.88
2022-08-23,38.28
2022-08-24,37.96
2022-08-25,37.94
2022-08-26,37.37
2022-08-27,38.3
2022-08-28,37.49
2022-08-29,37.88
2022-08-30,37.28
2022-08-31,37.46
2022-09-01,37.49
2022-09-02,37.41
2022-09-03,37.27
2022-09-04,37.4
2022-09-05,37.04
2022-09-06,36.13
2022-09-07,36.09
2022-09-08,36.04
2022-09-09,37.5
2022-09-10,37.4
2022-09-11,37.7
2022-09-12,38.53
2022-09-13,37.53
2022-09-14,37.19
2022-09-15,37.64
2022-09-16,37.84
2022-09-17,37.77
2022-09-18,38.27
2022-09-19,38.03
2022-09-20,37.66
2022-09-21,37.98
2022-09-22,37.78
2022-09-23,37.56
2022-09-24,37.34
2022-09-25,37.28
2022-09-26,37.77
2022-09-27,37.68
2022-09-28,37.93
2022-09-29,38.2
2022-09-30,38.14
2022-10-01,37.99
2022-10-02,37.72
2022-10-03,38.42
2022-10-04,38.7
2022-10-05,38.49
2022-10-06,38.41
2022-10-07,37.97
2022-10-08,38.09
2022-10-09,37.96
2022-10-10,38.02
2022-10-11,38.13
2022-10-12,38.21
2022-10-13,38.48
2022-10-14,38.45
2022-10-15,38.35
2022-10-16,38.25
2022-10-17,38.47
2022-10-18,38.37
2022-10-19,38.48
2022-10-20,38.56
2022-10-21,38.46
2022-10-22,38.34
2022-10-23,38.23
2022-10-24,38.28
2022-10-25,38.3
2022-10-26,38.17
2022-10-27,38.02
2022-10-28,37.81
2022-10-29,37.57
2022-10-30,37.54
2022-10-31,37.28
2022-11-01,37.24
2022-11-02,37.5
2022-11-03,37.02
2022-11-04,36.82
2022-11-05,36.91
2022-11-06,36.9
2022-11-07,37.23
2022-11-08,37.33
2022-11-09,36.59
2022-11-10,36.05
2022-11-11,36.51
2022-11-12,36.45
2022-11-13,36.4
2022-11-14,36.95
2022-11-15,36.72
2022-11-16,37.01
2022-11-17,36.95
2022-11-18,36.94
2022-11-19,36.81
2022-11-20,37.13
2022-11-21,37.01
2022-11-22,37.01
2022-11-23,36.97
2022-11-24,36.57
2022-11-25,36.51
2022-11-26,36.45
2022-11-27,35.88
2022-11-28,36.45
2022-11-29,36.28
2022-11-30,36.48
2022-12-01,36.43
2022-12-02,36.56
2022-12-03,36.8
2022-12-04,36.79
2022-12-05,36.75
2022-12-06,37.03
2022-12-07,36.96
2022-12-08,37.07
2022-12-09,37.05
2022-12-10,36.95
2022-12-11,37.1
2022-12-12,37.36
2022-12-13,37.71
2022-12-14,37.96
2022-12-15,37.9
2022-12-16,38.01
2022-12-17,38.42
2022-12-18,38.16
2022-12-19,38.46
2022-12-20,38.34
2022-12-21,38.4
2022-12-22,38.39
2022-12-23,38.28
2022-12-24,38.36
2022-12-25,38.45
2022-12-26,38.46
2022-12-27,38.27
2022-12-28,38.53
2022-12-29,38.59
2022-12-30,38.6
2022-12-31,38.48
2023-01-01,38.47
2023-01-02,38.22
2023-01-03,38.29
2023-01-04,38.03
2023-01-05,38.07
2023-01-06,38.06
2023-01-07,38.04
2023-01-08,37.96
2023-01-09,37.44
2023-01-10,37.57
2023-01-11,38.3
2023-01-12,38.43
2023-01-13,39.12
2023-01-14,39.61
2023-01-15,39.39
2023-01-16,39.47
2023-01-17,39.48
2023-01-18,39.92
2023-01-19,40.1
2023-01-20,40.67
2023-01-21,40.48
2023-01-22,40.74
2023-01-23,40.77
2023-01-24,40.89
2023-01-25,41.6
2023-01-26,40.9
2023-01-27,40.86
2023-01-28,40.93
2023-01-29,40.99
2023-01-30,41.17
2023-01-31,41.09
2023-02-01,40.94
2023-02-02,40.42
2023-02-03,40.31
2023-02-04,39.81
2023-02-05,40.0
2023-02-06,39.75
2023-02-07,39.62
2023-02-08,39.4
2023-02-09,39.63
2023-02-10,39.71
2023-02-11,39.51
2023-02-12,39.44
2023-02-13,40.25
2023-02-14,39.82
2023-02-15,40.93
2023-02-16,40.16
2023-02-17,40.61
2023-02-18,40.63
2023-02-19,40.27
2023-02-20,40.62
2023-02-21,40.71
2023-02-22,40.71
2023-02-23,40.49
2023-02-24,40.4
2023-02-25,40.5
2023-02-26,40.33
2023-02-27,40.32
2023-02-28,40.34
2023-03-01,40.49
2023-03-02,40.35
2023-03-03,40.15
2023-03-04,40.31
2023-03-05,40.27
2023-03-06,40.33
2023-03-07,40.55
2023-03-08,40.02
2023-03-09,40.18
2023-03-10,40.05
2023-03-11,40.91
2023-03-12,41.18
2023-03-13,41.73
2023-03-14,42.16
2023-03-15,42.42
2023-03-16,42.75
2023-03-17,43.61
2023-03-18,43.53
2023-03-19,44.19
2023-03-20,44.43
2023-03-21,44.4
2023-03-22,44.39
2023-03-23,44.5
2023-03-24,44.48
2023-03-25,44.45
2023-03-26,44.64
2023-03-27,44.78
2023-03-28,44.27
2023-03-29,44.69
2023-03-30,44.71
2023-03-31,44.46
2023-04-01,44.52
2023-04-02,44.74
2023-04-03,44.27
2023-04-04,44.12
2023-04-05,43.88
2023-04-06,44.15
2023-04-07,43.97
2023-04-08,44.21
2023-04-09,44.34
2023-04-10,45.12
2023-04-11,45.56
2023-04-12,45.38
2023-04-13,45.04
2023-04-14,44.4
2023-04-15,44.2
2023-04-16,43.82
2023-04-17,43.62
2023-04-18,44.16
2023-04-19,43.88
2023-04-20,44.1
2023-04-21,44.07
2023-04-22,43.99
2023-04-23,44.08
2023-04-24,44.17
2023-04-25,44.6
2023-04-26,44.8
2023-04-27,45.27
2023-04-28,45.24
2023-04-29,45.05
2023-04-30,45.21
2023-05-01,44.93
2023-05-02,44.95
2023-05-03,45.03
2023-05-04,45.26
2023-05-05,44.91
2023-05-06,45.35
2023-05-07,44.61
2023-05-08,45.22
2023-05-09,45.16
2023-05-10,44.84
2023-05-11,45.05
2023-05-12,44.56
2023-05-13,44.33
2023-05-14,44.42
2023-05-15,44.4
2023-05-16,44.58
2023-05-17,44.8
2023-05-18,44.32
2023-05-19,44.41
2023-05-20,44.61
2023-05-21,44.45
2023-05-22,44.42
2023-05-23,44.51
2023-05-24,44.19
2023-05-25,44.32
2023-05-26,44.3
2023-05-27,44.37
2023-05-28,44.77
2023-05-29,44.74
2023-05-30,44.49
2023-05-31,44.51
2023-06-01,44.1
2023-06-02,44.13
2023-06-03,44.08
2023-06-04,43.86
2023-06-05,44.12
2023-06-06,44.72
2023-06-07,44.81
2023-06-08,44.64
2023-06-09,44.84
2023-06-10,45.62
2023-06-11,45.77
2023-06-12,45.84
2023-06-13,45.88
2023-06-14,45.98
2023-06-15,46.08
2023-06-16,46.38
2023-06-17,46.31
2023-06-18,46.22
2023-06-19,46.67
2023-06-20,47.63
2023-06-21,47.95
2023-06-22,48.13
2023-06-23,48.27
2023-06-24,48.48
2023-06-25,48.05
2023-06-26,48.4
2023-06-27,48.55
2023-06-28,48.68
2023-06-29,48.73
2023-06-30,47.87
2023-07-01,47.89
2023-07-02,47.75
2023-07-03,48.01
2023-07-04,47.83
2023-07-05,48.11
2023-07-06,47.8
2023-07-07,48.2
2023-07-08,48.22
2023-07-09,48.1
2023-07-10,48.23
2023-07-11,48.32
2023-07-12,48.21
2023-07-13,47.17
2023-07-14,46.96
2023-07-15,46.77
2023-07-16,46.61
2023-07-17,46.88
2023-07-18,46.79
2023-07-19,46.73
2023-07-20,46.49
2023-07-21,46.6
2023-07-22,46.56
2023-07-23,46.88
2023-07-24,46.68
2023-07-25,46.49
2023-07-26,46.33
2023-07-27,45.97
2023-07-29,46.42
2023-07-30,46.2
2023-07-31,46.16
2023-08-01,47.68
2023-08-02,46.07
2023-08-03,46.9
2023-08-04,46.73
2023-08-05,46.88
2023-08-06,46.74
2023-08-07,47.03
2023-08-08,47.71
2023-08-09,46.66
2023-08-10,46.94
2023-08-11,46.92
2023-08-12,46.89
2023-08-13,46.74
2023-08-14,46.98
2023-08-15,46.69
2023-08-16,46.62
2023-08-17,44.09
2023-08-18,45.9
2023-08-19,46.5
2023-08-20,46.21
2023-08-21,46.4
2023-08-22,46.39
2023-08-23,47.26
2023-08-24,45.94
2023-08-25,46.42
2023-08-26,46.35
2023-08-27,46.46
2023-08-28,46.69
2023-08-29,49.63
2023-08-30,46.88
2023-08-31,44.6
2023-09-01,46.1
2023-09-02,46.53
2023-09-03,46.61
2023-09-04,46.39
2023-09-05,46.42
2023-09-06,46.44
2023-09-07,47.4
2023-09-08,46.67
2023-09-09,46.54
2023-09-10,46.71
2023-09-11,46.22
2023-09-12,46.68
2023-09-13,47.26
2023-09-14,47.44
2023-09-15,47.51
2023-09-16,47.1
2023-09-17,46.31
2023-09-18,48.32
2023-09-19,49.21
2023-09-20,49.29
2023-09-21,49.23
2023-09-22,49.12
2023-09-23,49.14
2023-09-24,49.02
2023-09-25,48.96
2023-09-26,48.91
2023-09-27,49.01
2023-09-28,49.07
2023-09-29,48.83
2023-09-30,48.83
2023-10-01,49.15
2023-10-02,49.47
2023-10-03,49.27
2023-10-04,49.68
2023-10-05,49.68
2023-10-06,49.76
2023-10-07,49.88
2023-10-08,49.91
2023-10-09,50.27
2023-10-10,50.23
2023-10-11,49.81
2023-10-12,50.02
2023-10-13,49.93
2023-10-14,49.82
2023-10-15,50.0
2023-10-16,50.71
2023-10-17,51.02
2023-10-18,51.06
2023-10-19,51.21
2023-10-20,51.6
2023-10-21,51.39
2023-10-22,51.14
2023-10-23,52.14
2023-10-24,53.03
2023-10-25,53.3
2023-10-26,52.99
2023-10-27,52.92
2023-10-28,53.0
2023-10-29,53.05
2023-10-30,52.74
2023-10-31,52.7
2023-11-01,52.78
2023-11-02,52.9
2023-11-03,52.49
2023-11-04,52.23
2023-11-05,51.86
2023-11-06,51.36
2023-11-07,51.88
2023-11-08,51.76
2023-11-09,51.31
2023-11-10,51.33
2023-11-11,51.24
2023-11-12,51.2
2023-11-13,51.16
2023-11-14,50.88
2023-11-15,51.39
2023-11-16,51.23
2023-11-17,51.31
2023-11-18,51.38
2023-11-19,51.53
2023-11-20,51.62
2023-11-21,51.74
2023-11-22,51.47
2023-11-23,51.47
2023-11-24,51.52
2023-11-25,51.34
2023-11-26,51.37
2023-11-27,51.66
2023-11-28,51.99
2023-11-29,52.1
2023-11-30,51.87
2023-12-01,52.11
2023-12-02,52.0
2023-12-03,52.21
2023-12-04,53.12
2023-12-05,53.93
2023-12-06,53.89
2023-12-07,52.78
2023-12-08,52.62
2023-12-09,52.45
2023-12-10,52.22
2023-12-11,51.88
2023-12-12,51.99
2023-12-13,52.19
2023-12-14,51.86
2023-12-15,51.8
2023-12-16,51.69
2023-12-17,51.63
2023-12-18,52.18
2023-12-19,52.19
2023-12-20,52.6
2023-12-21,51.79
2023-12-22,51.36
2023-12-23,51.07
2023-12-24,50.78
2023-12-25,50.66
2023-12-26,50.34
2023-12-27,50.03
2023-12-28,49.91
2023-12-29,49.93
2023-12-30,49.99
2023-12-31,50.17
2024-01-01,50.33
2024-01-02,51.08
2024-01-03,51.26
2024-01-04,51.31
2024-01-05,51.81
2024-01-06,52.15
2024-01-07,52.57
2024-01-08,53.17
2024-01-09,53.11
2024-01-10,51.77
2024-01-11,51.18
2024-01-12,50.05
2024-01-13,49.72
2024-01-14,49.64
2024-01-15,49.8
2024-01-16,49.74
2024-01-17,49.8
2024-01-18,49.65
2024-01-19,49.83
2024-01-20,49.84
2024-01-21,49.84
2024-01-22,49.82
2024-01-23,50.33
2024-01-24,50.38
2024-01-25,50.4
2024-01-26,50.88
2024-01-27,50.87
2024-01-28,51.04
2024-01-29,51.1
2024-01-30,50.85
2024-01-31,54.5
2024-02-01,51.33
2024-02-02,51.19
2024-02-03,51.25
2024-02-04,51.17
2024-02-05,51.21
2024-02-06,51.06
2024-02-07,51.24
2024-02-08,51.63
2024-02-09,51.89
2024-02-10,52.23
2024-02-11,52.44
2024-02-12,52.37
2024-02-13,52.48
2024-02-14,52.48
2024-02-15,52.14
2024-02-16,52.38
2024-02-17,52.28
2024-02-18,51.92
2024-02-19,51.36
2024-02-20,51.51
2024-02-21,51.67
2024-02-22,51.39
2024-02-23,51.28
2024-02-24,51.13
2024-02-25,50.8
2024-02-26,51.3
2024-02-27,52.15
2024-02-28,53.65
2024-02-29,53.1
2024-03-01,52.73
2024-03-02,52.0
2024-03-03,52.19
2024-03-04,52.96
2024-03-05,52.63
2024-03-06,52.11
2024-03-07,51.66
2024-03-08,51.9
2024-03-09,51.55
2024-03-10,51.92
2024-03-11,51.95
2024-03-12,52.01
2024-03-13,51.96
2024-03-14,51.75
2024-03-15,51.68
2024-03-16,51.59
2024-03-17,51.9
2024-03-18,52.36
2024-03-19,52.11
2024-03-20,52.17
2024-03-21,51.63
2024-03-22,51.5
2024-03-23,51.5
2024-03-24,51.96
2024-03-25,52.09
2024-03-26,52.07
2024-03-27,52.36
2024-03-28,52.25
2024-03-29,51.98
2024-03-30,52.12
2024-03-31,51.97
2024-04-01,52.34
2024-04-02,52.08
2024-04-03,52.38
2024-04-04,52.76
2024-04-05,52.89
2024-04-06,52.78
2024-04-07,52.6
2024-04-08,52.37
2024-04-09,52.59
2024-04-10,52.9
2024-04-11,52.89
2024-04-12,54.17
2024-04-13,54.77
2024-04-14,54.41
2024-04-15,53.98
2024-04-16,54.32
2024-04-17,53.97
2024-04-18,54.09
2024-04-19,54.19
2024-04-20,53.6
2024-04-21,53.57
2024-04-22,53.77
2024-04-23,53.4
2024-04-24,53.39
2024-04-25,53.41
2024-04-26,53.53
2024-04-27,53.0
2024-04-28,52.93
2024-04-29,53.51
2024-04-30,53.51
2024-05-01,52.44
2024-05-02,52.7
2024-05-03,53.24
2024-05-04,53.38
2024-05-05,53.36
2024-05-06,53.31
2024-05-07,53.39
2024-05-08,53.27
2024-05-09,53.41
2024-05-10,53.28
2024-05-11,53.23
2024-05-12,53.44
2024-05-13,53.97
2024-05-14,54.04
2024-05-15,54.51
2024-05-16,54.54
2024-05-17,54.43
2024-05-18,54.27
2024-05-19,54.58
2024-05-20,53.84
2024-05-21,53.03
2024-05-22,52.91
2024-05-23,52.69
2024-05-24,53.01
2024-05-25,53.08
2024-05-26,52.77
2024-05-27,52.64
2024-05-28,52.47
2024-05-29,52.63
2024-05-30,53.09
2024-05-31,52.74
2024-06-01,52.67
2024-06-02,52.83
2024-06-03,53.08
2024-06-04,53.13
2024-06-05,53.06
2024-06-06,53.16
2024-06-07,53.66
2024-06-08,53.94
2024-06-09,53.87
2024-06-10,54.23
2024-06-11,54.41
2024-06-12,54.13
2024-06-13,54.29
2024-06-14,54.24
2024-06-15,53.94
2024-06-16,53.78
2024-06-17,54.56
2024-06-18,54.59
2024-06-19,54.16
2024-06-20,54.19
2024-06-21,53.94
2024-06-22,54.07
2024-06-23,54.07
2024-06-24,53.24
2024-06-25,53.49
2024-06-26,53.28
2024-06-27,53.04
2024-06-28,53.11
2024-06-29,53.34
2024-06-30,53.61
2024-07-01,53.6
2024-07-02,53.22
2024-07-03,53.44
2024-07-04,53.83
2024-07-05,53.99
2024-07-06,53.78
2024-07-07,53.99
2024-07-08,53.61
2024-07-09,53.8
2024-07-10,53.53
2024-07-11,53.44
2024-07-12,53.31
2024-07-13,53.45
2024-07-14,53.62
2024-07-15,53.79
2024-07-16,54.0
2024-07-17,53.85
2024-07-18,53.78
2024-07-19,54.19
2024-07-20,54.18
2024-07-21,54.22
2024-07-22,54.65
2024-07-23,54.2
2024-07-24,54.45
2024-07-25,55.37
2024-07-26,55.42
2024-07-27,55.54
2024-07-28,55.64
2024-07-29,55.01
2024-07-30,55.02
2024-07-31,54.79
2024-08-01,55.3
2024-08-02,55.3
2024-08-03,55.71
2024-08-04,55.87
2024-08-05,55.69
2024-08-06,55.91
2024-08-07,55.87
2024-08-08,56.5
2024-08-09,56.66
2024-08-10,56.51
2024-08-11,56.41
2024-08-12,55.72
2024-08-13,56.2
2024-08-14,55.67
2024-08-15,55.72
2024-08-16,56.21
2024-08-17,56.16
2024-08-18,55.76
2024-08-19,55.82
2024-08-20,55.66
2024-08-21,56.13
2024-08-22,55.69
2024-08-23,56.04
2024-08-24,55.95
2024-08-25,56.21
2024-08-26,56.38
2024-08-27,56.31
2024-08-28,55.95
2024-08-29,56.21
2024-08-30,56.12
2024-08-31,56.24
2024-09-01,56.3
2024-09-02,56.33
2024-09-03,56.37
2024-09-04,56.48
2024-09-05,56.17
2024-09-06,56.0
2024-09-07,55.79
2024-09-09,56.12
2024-09-10,56.09
2024-09-11,56.17
2024-09-12,56.14
2024-09-13,56.6
2024-09-14,56.52
2024-09-15,56.8
2024-09-16,56.69
2024-09-17,57.23
2024-09-18,57.23
2024-09-19,57.15
2024-09-20,56.82
2024-09-21,56.34
2024-09-22,56.83
2024-09-23,56.2
2024-09-24,56.3
2024-09-25,56.28
2024-09-26,56.41
2024-09-27,56.14
2024-09-28,56.32
2024-09-29,56.26
2024-09-30,56.11
2024-10-01,56.22
2024-10-02,56.76
2024-10-03,56.95
2024-10-04,56.79
2024-10-05,56.93
2024-10-06,56.84
2024-10-07,56.76
2024-10-08,56.7
2024-10-09,56.61
2024-10-10,56.46
2024-10-11,56.75
2024-10-12,56.68
2024-10-13,56.65
2024-10-14,56.86
2024-10-15,57.5
2024-10-16,57.57
2024-10-17,57.77
2024-10-18,57.7
2024-10-19,57.56
2024-10-20,57.21
2024-10-21,57.08
2024-10-22,57.3
2024-10-23,57.52
2024-10-24,57.76
2024-10-26,58.14
2024-10-27,58.18
2024-10-28,58.5
2024-10-29,58.89
2024-10-31,59.03
2024-11-02,59.08
2024-11-03,60.53
2024-11-04,60.63
2024-11-05,60.47
2024-11-06,59.43
2024-11-07,58.67
2024-11-08,58.6
2024-11-09,57.76
2024-11-10,57.92
2024-11-11,59.0
2024-11-15,59.89
2024-11-16,58.95
2024-11-17,59.03
2024-11-18,58.39
2024-11-19,59.26
2024-11-21,59.69
2024-11-22,59.07
2024-11-23,58.0
2024-11-24,58.2
2024-11-25,57.38
2024-11-26,57.43
2024-11-27,57.0
2024-11-28,56.96
2024-11-29,56.79
2024-11-30,55.93
2024-12-01,55.57
2024-12-02,54.8
2024-12-03,54.17
2024-12-04,54.47
2024-12-05,54.37
2024-12-06,54.02
2024-12-07,54.18
2024-12-08,54.07
2024-12-09,55.77
2024-12-10,55.67
2024-12-11,55.53
2024-12-12,55.02
2024-12-13,55.16
2024-12-14,55.63
2024-12-15,55.97
2024-12-16,56.51
2024-12-17,56.7
2024-12-18,56.89
2024-12-19,57.6
2024-12-20,57.04
2024-12-21,57.79
2024-12-22,57.52
2024-12-23,56.35
2024-12-24,56.79
2024-12-25,56.91
2024-12-26,57.14
2024-12-27,57.08
2024-12-28,56.48
2024-12-29,56.77
2024-12-30,56.5
2024-12-31,56.69
2025-01-01,56.29
2025-01-02,56.35
2025-01-03,55.61
2025-01-04,55.52
2025-01-05,55.59
2025-01-06,56.38
2025-01-07,56.78
2025-01-08,56.66
2025-01-09,56.67
2025-01-10,56.83
2025-01-11,56.45
2025-01-12,56.69
2025-01-13,57.27
2025-01-14,57.07
2025-01-15,56.34
2025-01-16,56.41
2025-01-17,56.42
2025-01-18,56.91
2025-01-19,57.57
2025-01-20,57.39
2025-01-21,57.73
2025-01-22,57.43
2025-01-23,57.49
2025-01-24,57.93
2025-01-25,57.78
2025-01-26,58.1
2025-01-27,57.85
2025-01-28,58.53
2025-01-29,58.78
2025-01-30,58.17
2025-01-31,57.75
2025-02-01,58.63
2025-02-02,59.84
2025-02-03,60.01
2025-02-04,60.33
2025-02-05,60.37
2025-02-06,60.86
2025-02-07,61.03
2025-02-08,60.58
2025-02-09,60.6
2025-02-10,60.57
2025-02-11,60.3
2025-02-12,60.05
2025-02-13,59.99
2025-02-14,59.66
2025-02-15,59.85
2025-02-16,59.67
2025-02-17,59.65
2025-02-18,60.33
2025-02-19,60.12
2025-02-20,60.15
2025-02-21,60.44
2025-02-22,59.93
2025-02-23,59.86
2025-02-24,60.71
2025-02-25,60.04
2025-02-26,60.02
2025-02-27,59.71
2025-02-28,59.89
2025-03-01,60.2
2025-03-02,59.58
2025-03-03,60.55
2025-03-04,60.34
2025-03-05,60.57
2025-03-06,60.53
2025-03-07,60.43
2025-03-08,60.33
2025-03-09,60.21
2025-03-10,60.68
2025-03-11,61.37
2025-03-12,61.19
2025-03-13,60.77
2025-03-14,60.89
2025-03-15,60.64
2025-03-16,60.79
2025-03-17,60.74
2025-03-18,60.56
2025-03-19,60.52
2025-03-20,60.45
2025-03-21,60.61
2025-03-22,60.5
2025-03-23,60.87
2025-03-24,60.66
2025-03-25,60.62
2025-03-26,60.85
2025-03-27,60.84
2025-03-28,61.08
2025-03-29,61.27
2025-03-30,61.3
2025-03-31,61.42
2025-04-01,61.66
2025-04-02,61.96
2025-04-03,61.9
2025-04-04,61.95
2025-04-05,61.98
2025-04-06,62.52
2025-04-07,62.67
2025-04-08,62.54
2025-04-09,62.38
2025-04-10,62.38
2025-04-11,62.84
2025-04-12,62.48
2025-04-13,62.66
2025-04-14,62.83
2025-04-15,62.92
2025-04-16,63.07
2025-04-17,63.16
2025-04-18,62.96
2025-04-19,62.8
2025-04-20,62.99
2025-04-21,64.62
2025-04-22,67.72
2025-04-23,63.73
2025-04-24,63.69
2025-04-25,63.93
2025-04-26,63.52
2025-04-27,62.68
2025-04-28,63.41
2025-04-29,63.47
2025-04-30,63.5
2025-05-01,63.78
2025-05-02,63.8
2025-05-03,63.87
2025-05-04,63.75
2025-05-05,63.86
2025-05-06,64.36
2025-05-07,64.4
2025-05-08,63.56
2025-05-09,62.63
2025-05-10,61.67
2025-05-11,62.12
2025-05-12,61.62
2025-05-13,61.15
2025-05-14,61.56
2025-05-15,62.33
2025-05-16,62.39
2025-05-17,62.66
2025-05-18,62.95
2025-05-19,62.93
2025-05-20,63.13
2025-05-21,63.34
2025-05-22,63.08
2025-05-23,63.2
2025-05-24,63.07
2025-05-25,63.28
2025-05-26,63.43
2025-05-27,62.94
2025-05-28,62.81
2025-05-29,62.69
2025-05-30,63.37
2025-05-31,63.51
2025-06-01,63.58
2025-06-02,63.39
2025-06-03,63.2
2025-06-04,63.25
2025-06-05,63.71
2025-06-06,63.85
2025-06-07,63.71
2025-06-08,63.65
2025-06-09,63.76
2025-06-10,63.18
2025-06-11,63.23
2025-06-12,63.93
2025-06-13,63.9
2025-06-14,64.02
2025-06-15,63.86
2025-06-16,64.16
2025-06-17,63.97
2025-06-18,64.02
2025-06-19,64.01
2025-06-20,64.32
2025-06-21,64.59
2025-06-22,65.01
2025-06-23,64.51
2025-06-24,64.45
2025-06-25,64.9
2025-06-26,65.13
2025-06-27,64.99
2025-06-28,64.73
2025-06-29,64.58
2025-06-30,64.4
2025-07-01,64.69
2025-07-02,64.43
2025-07-03,64.43
2025-07-04,64.67
2025-07-05,64.67
2025-07-06,64.51
2025-07-07,64.46
2025-07-08,64.26
2025-07-09,63.92
2025-07-10,63.87
2025-07-11,63.76
2025-07-12,63.85
2025-07-13,63.81
2025-07-14,63.67
2025-07-15,62.95
2025-07-16,62.17
2025-07-17,61.41
2025-07-18,61.04
2025-07-19,60.79
2025-07-20,60.05
2025-07-21,59.7
2025-07-22,60.1
2025-07-23,61.07
2025-07-24,60.96
2025-07-25,60.65
2025-07-26,60.53
2025-07-27,60.23
2025-07-28,60.61
2025-07-29,60.7
2025-07-30,60.8
2025-07-31,60.96
2025-08-01,61.23
2025-08-02,61.65
2025-08-03,61.38
2025-08-04,60.64
2025-08-05,61.09
2025-08-06,60.91
2025-08-07,60.25
2025-08-08,59.72
2025-08-09,59.03
2025-08-10,59.68
2025-08-11,59.89
2025-08-12,58.88
2025-08-13,58.83
2025-08-14,58.8
2025-08-15,58.99
2025-08-16,58.86
2025-08-17,58.62
2025-08-18,58.98
2025-08-19,59.21
2025-08-20,58.6
2025-08-21,58.71
2025-08-22,57.65
2025-08-23,57.45
2025-08-24,57.17
2025-08-25,58.08
2025-08-26,57.47
2025-08-27,57.54
2025-08-28,57.53
2025-08-29,57.38
2025-08-30,57.36
2025-08-31,57.33
2025-09-01,57.84
2025-09-02,57.8
2025-09-03,57.6
2025-09-04,58.01
2025-09-05,57.87
2025-09-06,57.85
2025-09-07,57.71
2025-09-08,57.56
2025-09-09,57.38
2025-09-10,57.6
2025-09-11,57.51
2025-09-12,56.82
2025-09-13,56.74
2025-09-14,57.04
2025-09-15,57.39
2025-09-16,57.53
2025-09-17,56.93
2025-09-18,56.93
2025-09-19,57.24
2025-09-20,57.08
2025-09-21,57.12
2025-09-22,57.7
2025-09-23,57.71
2025-09-24,57.87
2025-09-25,58.22
2025-09-26,57.77
2025-09-27,57.76
2025-09-28,57.8
2025-09-29,58.03
2025-09-30,58.27
2025-10-01,58.17
2025-10-02,58.0
2025-10-03,58.07
2025-10-04,58.43
2025-10-05,58.57
2025-10-06,58.14
2025-10-07,58.21
2025-10-08,58.25
2025-10-09,58.56
2025-10-10,60.12
2025-10-11,59.89
2025-10-12,58.86
2025-10-13,58.33
2025-10-14,58.61
2025-10-15,58.84
2025-10-16,58.89
2025-10-17,58.95
2025-10-18,58.74
2025-10-19,58.91
2025-10-20,58.98
2025-10-21,58.98
2025-10-22,59.22
2025-10-23,59.29
2025-10-24,59.13
2025-10-25,59.11
2025-10-26,58.97
2025-10-27,59.08
2025-10-28,59.34
2025-10-29,58.86
2025-10-30,59.23
2025-10-31,59.27
2025-11-01,59.21
2025-11-02,59.25
2025-11-03,60.2
2025-11-04,60.06
2025-11-05,59.99
2025-11-06,59.78
2025-11-07,59.29
2025-11-08,59.29
2025-11-09,59.38
2025-11-10,59.27
2025-11-11,59.36
2025-11-12,59.21
2025-11-13,59.49
2025-11-14,58.64
2025-11-15,58.77
2025-11-16,58.81
2025-11-17,58.75
2025-11-18,58.46
2025-11-19,58.68
2025-11-20,58.07
2025-11-21,58.37
2025-11-22,58.33
2025-11-23,58.66
2025-11-24,58.18
2025-11-25,57.78
2025-11-26,58.28
2025-11-27,58.61
2025-11-28,58.56
2025-11-29,58.73
2025-11-30,58.68
2025-12-01,58.77
2025-12-02,58.94
2025-12-03,58.63
2025-12-04,58.69
2025-12-05,58.67
2025-12-06,58.52
2025-12-07,58.89
2025-12-08,58.56
2025-12-09,58.46
2025-12-10,58.46
2025-12-11,58.82
2025-12-12,58.75
2025-12-13,58.62
2025-12-14,58.35
2025-12-15,58.47
2025-12-16,58.83
2025-12-17,59.14
2025-12-18,59.2
2025-12-19,59.01
2025-12-20,58.98
2025-12-21,59.03
2025-12-22,59.0
2025-12-23,58.99
2025-12-24,59.18
2025-12-25,59.32
2025-12-26,59.14
2025-12-27,58.98
2025-12-28,59.0
2025-12-29,58.94
2025-12-30,59.1
2025-12-31,58.95
2026-01-01,59.0
2026-01-02,58.51
2026-01-03,58.54
2026-01-04,58.31
2026-01-05,58.41
2026-01-06,58.24
2026-01-07,58.28
2026-01-08,58.53
2026-01-09,58.51
2026-01-10,58.49
2026-01-11,58.47
2026-01-12,58.65
2026-01-13,58.64
2026-01-14,59.04
2026-01-15,59.05
2026-01-16,59.09
2026-01-17,58.93
2026-01-18,59.66
2026-01-19,59.07
2026-01-20,59.05
2026-01-21,59.03
2026-01-22,59.24
2026-01-23,59.2
2026-01-24,59.12
2026-01-25,59.22
2026-01-26,59.08
2026-01-27,58.93
2026-01-28,58.99
2026-01-29,58.73
2026-01-30,59.18
2026-01-31,59.05
2026-02-01,59.49
2026-02-02,59.45
2026-02-03,59.1
2026-02-04,59.04
2026-02-05,58.25
2026-02-06,58.73
2026-02-07,58.37
2026-02-08,58.7
2026-02-09,58.61
2026-02-10,58.67
2026-02-11,58.49
2026-02-12,57.97
2026-02-13,58.45
2026-02-14,58.11
2026-02-15,58.48
2026-02-16,58.29
2026-02-17,57.89
2026-02-18,58.0
2026-02-19,58.2
2026-02-20,58.29
2026-02-21,58.25
2026-02-22,58.42
2026-02-23,58.03
2026-02-24,57.9
2026-02-25,58.04
2026-02-26,57.99
2026-02-27,57.97
2026-02-28,58.1
2026-03-01,57.82
2026-03-02,58.37
2026-03-03,58.55
2026-03-04,59.14
2026-03-05,58.91
2026-03-06,58.5
2026-03-07,58.28
2026-03-08,57.99
2026-03-09,58.51
2026-03-10,58.83
2026-03-11,59.08
2026-03-12,58.63
2026-03-13,58.77
2026-03-14,58.8
2026-03-15,58.77
2026-03-16,58.65
2026-03-17,58.5
2026-03-18,56.37
2026-03-19,58.22
2026-03-20,58.34
2026-03-21,58.44
2026-03-22,58.05
2026-03-23,58.49
2026-03-24,58.38
2026-03-25,58.47
2026-03-26,58.36
2026-03-27,57.93
2026-03-28,57.85
2026-03-29,57.98
2026-03-30,57.99
2026-03-31,58.2
2026-04-01,58.04
2026-04-02,58.09
2026-04-03,58.12
2026-04-04,58.08
2026-04-05,58.41
2026-04-06,58.5
2026-04-07,58.68
2026-04-08,58.88
2026-04-09,58.98
2026-04-10,59.19
2026-04-11,59.1
2026-04-12,58.87
2026-04-13,59.08
2026-04-14,59.06
2026-04-15,59.26
2026-04-16,58.89
2026-04-17,59.11
2026-04-18,59.34
2026-04-19,59.2
2026-04-20,59.53
2026-04-21,59.62
2026-04-22,59.91
2026-04-23,60.09
2026-04-24,59.91
2026-04-25,60.0
2026-04-26,59.94
2026-04-27,60.09
2026-04-28,59.85
2026-04-29,59.85
2026-04-30,59.96
2026-05-01,60.36
2026-05-02,60.43
2026-05-03,60.37
2026-05-04,60.51
2026-05-05,60.5
2026-05-06,60.44
2026-05-07,60.2
2026-05-08,60.05
2026-05-09,60.15
2026-05-10,60.27
2026-05-11,60.15
2026-05-12,60.2
2026-05-13,59.96
2026-05-14,60.23
2026-05-15,60.18
2026-05-16,60.18
2026-05-17,60.35
2026-05-18,60.1
2026-05-19,60.18
2026-05-20,60.14
2026-05-21,60.02
2026-05-22,59.8
2026-05-23,59.93
2026-05-24,60.03
2026-05-25,60.05
2026-05-26,59.84
2026-05-27,59.66
2026-05-28,59.57
2026-05-29,59.49
2026-05-30,59.33
2026-05-31,59.09
2026-06-01,58.65
2026-06-02,58.09
2026-06-03,57.26
2026-06-04,57.94
2026-06-05,58.01
2026-06-06,58.14
2026-06-07,58.25
2026-06-08,58.13
2026-06-09,58.0
2026-06-10,58.26
2026-06-11,58.48
2026-06-12,58.56
2026-06-13,58.67
2026-06-14,58.83
2026-06-15,58.54
2026-06-16,58.42
2026-06-17,58.17
2026-06-18,58.1
2026-06-19,58.33
2026-06-20,58.48
2026-06-21,58.26
2026-06-22,58.51
2026-06-23,58.41
2026-06-24,58.17
2026-06-25,58.03
2026-06-26,58.0
2026-06-27,58.16
2026-06-28,58.04
2026-06-29,57.9
2026-06-30,57.61
2026-07-01,58.01
2026-07-02,57.98
2026-07-03,57.82
2026-07-04,57.97
2026-07-05,58.03
2026-07-06,58.2
2026-07-07,58.17
2026-07-08,58.18
2026-07-09,58.45
2026-07-10,58.51
2026-07-11,58.45
2026-07-12,58.28
2026-07-13,58.19
2026-07-14,58.52
2026-07-15,58.28
2026-07-16,58.45
2026-07-17,58.53
2026-07-18,58.8
2026-07-19,58.76
2026-07-20,58.71
2026-07-21,59.01
2026-07-22,58.92
2026-07-23,59.0
2026-07-24,58.72
