date,etf_flows_usd
2024-01-11,655300000
2024-01-12,203000000
2024-01-15,0
2024-01-16,-52700000
2024-01-17,453800000
2024-01-18,-126600000
2024-01-19,43600000
2024-01-22,-87400000
2024-01-23,-106099999
2024-01-24,-158300000
2024-01-25,-79800000
2024-01-26,14800000
2024-01-29,255100000
2024-01-30,247300000
2024-01-31,197600000
2024-02-01,38500000
2024-02-02,80000000
2024-02-05,68100000
2024-02-06,33600000
2024-02-07,146000000
2024-02-08,405000000
2024-02-09,541500000
2024-02-12,493400000
2024-02-13,636300000
2024-02-14,339700001
2024-02-15,477400000
2024-02-16,330300000
2024-02-19,0
2024-02-20,135600000
2024-02-21,-35600000
2024-02-22,251400000
2024-02-23,232500000
2024-02-26,519900000
2024-02-27,576900000
2024-02-28,673400000
2024-02-29,92300000
2024-03-01,-139600000
2024-03-04,562700000
2024-03-05,648300000
2024-03-06,332000000
2024-03-07,472500000
2024-03-08,223000000
2024-03-11,505400000
2024-03-12,1045000000
2024-03-13,683699999
2024-03-14,132700000
2024-03-15,198800000
2024-03-18,-154300000
2024-03-19,-326200000
2024-03-20,-261500000
2024-03-21,-94000000
2024-03-22,-51600000
2024-03-25,15400000
2024-03-26,418000000
2024-03-27,243500000
2024-03-28,182800000
2024-03-29,0
2024-04-01,-85700000
2024-04-02,39500000
2024-04-03,113500000
2024-04-04,213400000
2024-04-05,203000000
2024-04-08,-223800000
2024-04-09,-19400001
2024-04-10,123699999
2024-04-11,91300000
2024-04-12,-55100000
2024-04-15,-36700000
2024-04-16,-58000000
2024-04-17,-165000000
2024-04-18,-4300000
2024-04-19,59700000
2024-04-22,62200000
2024-04-23,31599999
2024-04-24,-120600000
2024-04-25,-217600000
2024-04-26,-83600000
2024-04-29,-51600000
2024-04-30,-161600000
2024-05-01,-563700000
2024-05-02,-34400000
2024-05-03,378300000
2024-05-06,217000000
2024-05-07,-15700001
2024-05-08,11500000
2024-05-09,-11300000
2024-05-10,-84700000
2024-05-13,66000000
2024-05-14,100500000
2024-05-15,303000000
2024-05-16,257299999
2024-05-17,221500000
2024-05-20,237200000
2024-05-21,305700000
2024-05-22,154000000
2024-05-23,107900000
2024-05-24,251899999
2024-05-27,0
2024-05-28,44999999
2024-05-29,28300000
2024-05-30,48800000
2024-05-31,48800000
2024-06-03,105100000
2024-06-04,886600000
2024-06-05,488100000
2024-06-06,217700000
2024-06-07,131000000
2024-06-10,-64900000
2024-06-11,-200400000
2024-06-12,100800000
2024-06-13,-226200000
2024-06-14,-189900000
2024-06-17,-145900000
2024-06-18,-152400000
2024-06-19,0
2024-06-20,-139900000
2024-06-21,-105900000
2024-06-24,-174499999
2024-06-25,31000000
2024-06-26,21400000
2024-06-27,11800000
2024-06-28,73000000
2024-07-01,129500000
2024-07-02,-13700000
2024-07-03,-20500000
2024-07-04,0
2024-07-05,143100000
2024-07-08,294800000
2024-07-09,216400000
2024-07-10,147400001
2024-07-11,78900000
2024-07-12,310100000
2024-07-15,300900000
2024-07-16,422500000
2024-07-17,53300000
2024-07-18,37200000
2024-07-19,427200000
2024-07-22,485900000
2024-07-23,-78000000
2024-07-24,44500000
2024-07-25,31100000
2024-07-26,51800000
2024-07-29,124100000
2024-07-30,-18300000
2024-07-31,-17700000
2024-08-01,-140500000
2024-08-02,-247300000
2024-08-05,-190200000
2024-08-06,-148600000
2024-08-07,35400000
2024-08-08,194599999
2024-08-09,-105300000
2024-08-12,19900000
2024-08-13,39000000
2024-08-14,-81400000
2024-08-15,-2600000
2024-08-16,35900000
2024-08-19,62100000
2024-08-20,88000000
2024-08-21,25300000
2024-08-22,60800000
2024-08-23,201200000
2024-08-26,202600000
2024-08-27,-127100000
2024-08-28,-96500000
2024-08-29,-71800000
2024-08-30,-175599999
2024-09-02,0
2024-09-03,-287800000
2024-09-04,-37200000
2024-09-05,-202700000
2024-09-06,-164500000
2024-09-09,28600000
2024-09-10,75900000
2024-09-11,-43400000
2024-09-12,33800000
2024-09-13,263200000
2024-09-16,10000000
2024-09-17,186800000
2024-09-18,-55400000
2024-09-19,148800000
2024-09-20,78600000
2024-09-23,-3900000
2024-09-24,133100000
2024-09-25,105900000
2024-09-26,362800000
2024-09-27,494400000
2024-09-30,61300000
2024-10-01,-242600000
2024-10-02,-64400000
2024-10-03,-54200000
2024-10-04,25600000
2024-10-07,235200000
2024-10-08,-18600000
2024-10-09,-40600000
2024-10-10,-81100000
2024-10-11,253600000
2024-10-14,551200000
2024-10-15,357600000
2024-10-16,458500000
2024-10-17,470500000
2024-10-18,273700000
2024-10-21,294300000
2024-10-22,-79100000
2024-10-23,187700000
2024-10-24,188000000
2024-10-25,396100000
2024-10-28,457800000
2024-10-29,840900000
2024-10-30,885299999
2024-10-31,32300000
2024-11-01,-68400000
2024-11-04,-451600000
2024-11-05,-116800000
2024-11-06,513100000
2024-11-07,1353400000
2024-11-08,293400000
2024-11-11,1085900000
2024-11-12,802400000
2024-11-13,448800000
2024-11-14,-395400000
2024-11-15,-323000000
2024-11-18,200400000
2024-11-19,816400000
2024-11-20,773400000
2024-11-21,998100000
2024-11-22,484600001
2024-11-25,-435700000
2024-11-26,-127600000
2024-11-27,91000000
2024-11-28,0
2024-11-29,311400000
2024-12-02,347200000
2024-12-03,676000000
2024-12-04,501100000
2024-12-05,671300000
2024-12-06,369800001
2024-12-09,471900000
2024-12-10,432100000
2024-12-11,207400000
2024-12-12,486700000
2024-12-13,424400000
2024-12-16,630300000
2024-12-17,490100001
2024-12-18,275300000
2024-12-19,-483300000
2024-12-20,-283400000
2024-12-23,-220300000
2024-12-24,-338400000
2024-12-25,0
2024-12-26,468000000
2024-12-27,-287900000
2024-12-30,-383400000
2024-12-31,1200000
2025-01-01,0
2025-01-02,-249200000
2025-01-03,899400000
2025-01-06,903400000
2025-01-07,52400000
2025-01-08,-568799999
2025-01-09,0
2025-01-10,-149400000
2025-01-13,-284100000
2025-01-14,-209800000
2025-01-15,741400000
2025-01-16,626100000
2025-01-17,1051000000
2025-01-20,0
2025-01-21,666200000
2025-01-22,248700000
2025-01-23,176800000
2025-01-24,504700000
2025-01-27,-457600000
2025-01-28,18400000
2025-01-29,-14200000
2025-01-30,583500000
2025-01-31,318600000
2025-02-03,-234400000
2025-02-04,340700000
2025-02-05,66400000
2025-02-06,-145400000
2025-02-07,171300000
2025-02-10,-186300000
2025-02-11,-56700000
2025-02-12,-267300000
2025-02-13,-156800000
2025-02-14,64100000
2025-02-17,0
2025-02-18,-60699999
2025-02-19,-64100000
2025-02-20,-303700000
2025-02-21,-62900000
2025-02-24,-532800000
2025-02-25,-1053099999
2025-02-26,-698600000
2025-02-27,-270400000
2025-02-28,88700001
2025-03-03,-74200000
2025-03-04,-179300000
2025-03-05,22100000
2025-03-06,-134299999
2025-03-07,-409300000
2025-03-10,-369300000
2025-03-11,-371000000
2025-03-12,7800000
2025-03-13,-135200000
2025-03-14,41300000
2025-03-17,260400000
2025-03-18,209100000
2025-03-19,7300000
2025-03-20,160500000
2025-03-21,83100000
2025-03-24,84200000
2025-03-25,26800000
2025-03-26,89600000
2025-03-27,89000000
2025-03-28,-93200000
2025-03-31,-60600000
2025-04-01,-157800000
2025-04-02,183799999
2025-04-03,-99800000
2025-04-04,-64900000
2025-04-07,-103900000
2025-04-08,-318800000
2025-04-09,-127200000
2025-04-10,-159400000
2025-04-11,-1000000
2025-04-14,1500000
2025-04-15,67500000
2025-04-16,-173200000
2025-04-17,106900000
2025-04-18,0
2025-04-21,354900000
2025-04-22,915399999
2025-04-23,887200000
2025-04-24,442000000
2025-04-25,360100000
2025-04-28,591200000
2025-04-29,172800000
2025-04-30,-56300000
2025-05-01,380600000
2025-05-02,674900000
2025-05-05,425500001
2025-05-06,-85700000
2025-05-07,142300000
2025-05-08,117400000
2025-05-09,334500000
2025-05-12,5200000
2025-05-13,-91400000
2025-05-14,284300000
2025-05-15,114900000
2025-05-16,255599999
2025-05-19,667400000
2025-05-20,323000000
2025-05-21,585000000
2025-05-22,934800000
2025-05-23,211700000
2025-05-26,0
2025-05-27,349400000
2025-05-28,432700000
2025-05-29,-346800000
2025-05-30,-599900000
2025-06-02,-267500000
2025-06-03,368000000
2025-06-04,87000000
2025-06-05,-261700000
2025-06-06,-57000000
2025-06-09,380900000
2025-06-10,431199999
2025-06-11,164600000
2025-06-12,86300000
2025-06-13,315200000
2025-06-16,407400000
2025-06-17,216500000
2025-06-18,378200001
2025-06-19,0
2025-06-20,6400000
2025-06-23,340500000
2025-06-24,581100000
2025-06-25,547700000
2025-06-26,226700000
2025-06-27,493200000
2025-06-30,102100000
2025-07-01,-342200000
2025-07-02,391300000
2025-07-03,596000000
2025-07-04,0
2025-07-07,210300000
2025-07-08,75300000
2025-07-09,199900000
2025-07-10,1093700000
2025-07-11,1008700000
2025-07-14,284700000
2025-07-15,384500000
2025-07-16,794100000
2025-07-17,517300000
2025-07-18,363500000
2025-07-21,-131400000
2025-07-22,-68000000
2025-07-23,-96300000
2025-07-24,218800000
2025-07-25,122000000
2025-07-28,146100000
2025-07-29,80000001
2025-07-30,47100000
2025-07-31,-120500000
2025-08-01,-778700000
2025-08-04,-323500000
2025-08-05,-196200000
2025-08-06,91599999
2025-08-07,260200000
2025-08-08,390500000
2025-08-11,163900000
2025-08-12,65900000
2025-08-13,75500000
2025-08-14,223500000
2025-08-15,-14100000
2025-08-18,-121700000
2025-08-19,-515800000
2025-08-20,-315900000
2025-08-21,-199400000
2025-08-22,-23200000
2025-08-25,211699999
2025-08-26,76799999
2025-08-27,81400000
2025-08-28,173400000
2025-08-29,-126700000
2025-09-02,323499999
2025-09-03,271700000
2025-09-04,-218000000
2025-09-05,-160100000
2025-09-08,352400000
2025-09-09,23000000
2025-09-10,723900000
2025-09-11,552700000
2025-09-12,636699999
2025-09-15,253800000
2025-09-16,292300000
2025-09-17,-73799999
2025-09-18,152100000
2025-09-19,222600000
2025-09-22,-363100000
2025-09-23,-103800000
2025-09-24,227400000
2025-09-25,-237900000
2025-09-26,-405700000
2025-09-29,470900000
2025-09-30,429900000
2025-10-01,665900000
2025-10-02,617000000
2025-10-03,965000000
2025-10-06,1174600000
2025-10-07,875600000
2025-10-08,439600000
2025-10-09,197800000
2025-10-10,1200000
2025-10-13,-326400000
2025-10-14,102699999
2025-10-15,-104100000
2025-10-16,-508400000
2025-10-17,-366600000
2025-10-20,-47800000
2025-10-21,463300000
2025-10-22,-101400000
2025-10-23,16900000
2025-10-24,90600000
2025-10-27,141700000
2025-10-28,202400000
2025-10-29,-467300000
2025-10-30,-479899999
2025-10-31,-191600000
2025-11-03,-186500000
2025-11-04,-566400000
2025-11-05,-158600000
2025-11-06,239900000
2025-11-07,-558400000
2025-11-10,1200000
2025-11-11,499900000
2025-11-12,-278100000
2025-11-13,-548500000
2025-11-14,-496300000
2025-11-17,-254600000
2025-11-18,-512400000
2025-11-19,21600000
2025-11-20,-899000000
2025-11-21,153500000
2025-11-24,-151000000
2025-11-25,128700000
2025-11-26,21100001
2025-11-28,62500000
2025-12-01,8500000
2025-12-02,58500000
2025-12-03,-14500000
2025-12-04,-194600000
2025-12-05,54800000
2025-12-08,-60400000
2025-12-09,118100000
2025-12-10,223500000
2025-12-11,-66499999
2025-12-12,49100000
2025-12-15,-357600000
2025-12-16,-269800000
2025-12-17,457300000
2025-12-18,-161300001
2025-12-19,-158300000
2025-12-22,-116800000
2025-12-23,-188600000
2025-12-24,-169500000
2025-12-26,-275900000
2025-12-29,-19300000
2025-12-30,350800000
2025-12-31,-336899999
2026-01-02,464900000
2026-01-05,679300000
2026-01-06,-210500000
2026-01-07,-486100000
2026-01-08,-391600000
2026-01-09,-250000000
2026-01-12,111800000
2026-01-13,735000000
2026-01-14,840600000
2026-01-15,93500000
2026-01-16,-394700000
2026-01-20,-479700000
2026-01-21,-708700000
2026-01-22,-32200000
2026-01-23,-103500000
2026-01-26,-900000
2026-01-27,-147400000
2026-01-28,-19600000
2026-01-29,-780600000
2026-01-30,-509699999
2026-02-02,494599999
2026-02-03,-238200000
2026-02-04,-544900000
2026-02-05,-398900000
2026-02-06,351000000
2026-02-09,14400000
2026-02-10,160400000
2026-02-11,-276300000
2026-02-12,-376700000
2026-02-13,8100000
2026-02-17,-140900000
2026-02-18,-133300000
2026-02-19,-165800000
2026-02-20,88100000
2026-02-23,-203800000
2026-02-24,249100000
2026-02-25,487300000
2026-02-26,248400000
2026-02-27,-27500000
2026-03-02,439800000
2026-03-03,225200000
2026-03-04,429500000
2026-03-05,-227900000
2026-03-06,-344100000
2026-03-09,167100000
2026-03-10,241599999
2026-03-11,110200000
2026-03-12,48800000
2026-03-13,180400000
2026-03-16,199400000
2026-03-17,199400000
2026-03-18,-163500000
2026-03-19,-94900001
2026-03-20,-52000000
2026-03-23,167200000
2026-03-24,-74500000
2026-03-25,7800000
2026-03-26,-165799999
2026-03-27,-225500000
2026-03-30,69400000
2026-03-31,117500000
2026-04-01,-184000000
2026-04-02,9000000
2026-04-06,453800000
2026-04-07,-159100000
2026-04-08,-93900000
2026-04-09,358100000
2026-04-10,247600000
2026-04-13,-280000000
2026-04-14,406500000
2026-04-15,186100000
2026-04-16,9400000
2026-04-17,634800000
2026-04-20,238400000
2026-04-21,-5500000
2026-04-22,335800000
2026-04-23,218100000
2026-04-24,14400000
2026-04-27,-263200000
2026-04-28,-89700000
2026-04-29,-137600000
2026-04-30,23500000
2026-05-01,623600000
2026-05-04,532300000
2026-05-05,467299999
2026-05-06,46200000
2026-05-07,-274200000
2026-05-08,-145700000
2026-05-11,27200000
2026-05-12,-233200000
2026-05-13,-630399999
2026-05-14,118700000
2026-05-15,-290400000
2026-05-18,-648600000
2026-05-19,-331100000
2026-05-20,-70500000
2026-05-21,-100900000
2026-05-22,-105200000
2026-05-26,-320200000
2026-05-27,-723499999
2026-05-28,-223300000
2026-05-29,-115600000
2026-06-01,-483800000
2026-06-02,-519100000
2026-06-03,-396600000
2026-06-04,3200000
2026-06-05,-325700000
2026-06-08,-91400000
2026-06-09,-81800000
2026-06-10,-231400000
2026-06-11,-28100000
2026-06-12,85900000
2026-06-15,-75400000
2026-06-16,5799999
2026-06-17,-82200000
2026-06-18,-90700000
2026-06-22,-116400000
2026-06-23,-113800000
2026-06-24,-492600000
2026-06-25,-691700000
2026-06-26,-444500000
2026-06-29,-208100000
2026-06-30,-222600000
2026-07-01,-332300000
2026-07-02,223500000
2026-07-06,14000000
2026-07-07,21500000
2026-07-08,-78600000
2026-07-09,-95300000
2026-07-10,90400000
2026-07-13,-478100000
2026-07-14,174500000
2026-07-15,97700000
2026-07-16,79100000
2026-07-17,132300000
2026-07-20,185400000
2026-07-21,196700000
2026-07-22,31200000
2026-07-23,-225100000
2026-07-24,-27900000
