date,futures_open_interest
2020-08-01,4288521109.1557
2020-08-02,4452654310.864799
2020-08-03,3867899712.9207
2020-08-04,3874039168.0386
2020-08-05,3894055573.4176
2020-08-06,4100254453.6717
2020-08-07,4181979972.9499
2020-08-08,4080612325.6289
2020-08-09,4054203861.2107
2020-08-10,4142759884.2766
2020-08-11,4274923228.89
2020-08-12,4193901670.538
2020-08-13,4103956701.8031
2020-08-14,4127430125.6183
2020-08-15,4146930851.5438
2020-08-16,4231013359.8462
2020-08-17,4264106647.7448
2020-08-18,4493455560.7835
2020-08-19,4293486776.1479
2020-08-20,4126710962.8465
2020-08-21,4092385539.9731
2020-08-22,4116925192.5544
2020-08-23,4022915902.6529
2020-08-24,4029506227.8587
2020-08-25,4079916290.3228
2020-08-26,4033380685.1281
2020-08-27,3873653611.2851
2020-08-28,3933871919.6902
2020-08-29,3852536796.0222
2020-08-30,3848128438.7808
2020-08-31,3920690207.5498
2020-09-01,3950790575.8848
2020-09-02,4166118487.957
2020-09-03,3875197897.0833
2020-09-04,3344162890.7419
2020-09-05,3027642785.9477
2020-09-06,3018109628.1731
2020-09-07,3026761021.4217
2020-09-08,3031876017.1179
2020-09-09,3064351615.693
2020-09-10,3028523945.928
2020-09-11,3088356495.9581
2020-09-12,3072331743.8132
2020-09-13,3112300461.9986
2020-09-14,3134423731.2122
2020-09-15,3200827999.7598
2020-09-16,3170095713.9813
2020-09-17,3329840333.7718
2020-09-18,3299071613.0305
2020-09-19,3266344154.4377
2020-09-20,3353057795.1637
2020-09-21,3303510579.6739
2020-09-22,3177098256.087
2020-09-23,3140089053.283
2020-09-24,3145965591.1973
2020-09-25,3114850283.1712
2020-09-26,2941040099.2408
2020-09-27,2997925432.9316
2020-09-28,2982451797.7488
2020-09-29,2958090989.4171
2020-09-30,2991442890.5156
2020-10-01,3014974549.3195
2020-10-02,3024917714.1928
2020-10-03,2992705796.8257
2020-10-04,3025901089.8034
2020-10-05,3043843257.8332
2020-10-06,3156745178.3315
2020-10-07,3114498142.8502
2020-10-08,3116444881.8646
2020-10-09,3237723429.5939
2020-10-10,3370152904.8203
2020-10-11,3359708172.66
2020-10-12,3382626579.8122
2020-10-13,3416199592.6558
2020-10-14,3337258260.5867
2020-10-15,3296676100.9413
2020-10-16,3375309722.6679
2020-10-17,3261694202.0562
2020-10-18,3231978806.9903
2020-10-19,3324274227.5127
2020-10-20,3541773877.0454
2020-10-21,3704529630.3281
2020-10-22,3807605145.0227
2020-10-23,3881518703.4275
2020-10-24,3913814472.5381
2020-10-25,4086002251.8672
2020-10-26,4002629372.2917
2020-10-27,3991584820.007
2020-10-28,4174821112.5244
2020-10-29,3870105495.9784
2020-10-30,4049259699.5662
2020-10-31,4068222785.8304
2020-11-01,4270530694.146
2020-11-02,4223138080.4458
2020-11-03,4012300633.3574
2020-11-04,4152606789.4937
2020-11-05,4205502587.143
2020-11-06,4322282058.9023
2020-11-07,4381650963.7897
2020-11-08,4110798098.2656
2020-11-09,4293355144.2363
2020-11-10,4264007399.9391
2020-11-11,4246976546.4167
2020-11-12,4524524577.9872
2020-11-13,4698968783.2158
2020-11-14,4574178824.0226
2020-11-15,4449971379.7702
2020-11-16,4468799509.6522
2020-11-17,4801925963.3842
2020-11-18,4849215808.5811
2020-11-19,4780470506.1202
2020-11-20,4997097371.041
2020-11-21,5277840809.183
2020-11-22,5372522115.3799
2020-11-23,5408949421.6979
2020-11-24,5541354717.104
2020-11-25,5597631830.2802
2020-11-26,5571047827.252
2020-11-27,4585479718.1458
2020-11-28,4568655944.5894
2020-11-29,4710246941.0708
2020-11-30,4843065370.5486
2020-12-01,5353615363.5417
2020-12-02,5223149795.8678
2020-12-03,5119504245.3837
2020-12-04,5314085838.4344
2020-12-05,5180296057.1433
2020-12-06,5224405233.6861
2020-12-07,5326822915.0576
2020-12-08,5340474610.3328
2020-12-09,5388355150.1568
2020-12-10,5345869407.3513
2020-12-11,5317819236.2784
2020-12-12,5297826528.4131
2020-12-13,5366556766.101
2020-12-14,5647183419.942101
2020-12-15,5742594050.4459
2020-12-16,5853755012.0238
2020-12-17,6240233126.4841
2020-12-18,6145183841.2404
2020-12-19,6395862497.4109
2020-12-20,6753088572.9901
2020-12-21,6603331078.965899
2020-12-22,6300328283.6262
2020-12-23,6545864880.100801
2020-12-24,6219252944.506001
2020-12-25,6367210532.6943
2020-12-26,6419965431.9303
2020-12-27,6801339147.8278
2020-12-28,6883046845.4085
2020-12-29,6993605013.0633
2020-12-30,6825016065.9727
2020-12-31,7182699639.0623
2021-01-01,7106400630.2027
2021-01-02,7216505669.6931
2021-01-03,7724476623.0882
2021-01-04,7917637706.9212
2021-01-05,7490069792.304
2021-01-06,7591944938.0482
2021-01-07,8194344475.4586
2021-01-08,8676269102.3224
2021-01-09,8536484443.2635
2021-01-10,8986719264.0791
2021-01-11,8955471282.7459
2021-01-12,8395481244.0475
2021-01-13,8438996103.55
2021-01-14,8776152967.6035
2021-01-15,9484800217.9462
2021-01-16,9091306964.7161
2021-01-17,9048302275.3255
2021-01-18,8869651164.4359
2021-01-19,9160991611.4485
2021-01-20,9433593375.8712
2021-01-21,8821832761.6412
2021-01-22,8295801340.5151
2021-01-23,7972253946.8575
2021-01-24,7870202062.9956
2021-01-25,7976420050.2576
2021-01-26,8150200444.6683
2021-01-27,8054877077.7063
2021-01-28,7868806525.287
2021-01-29,8302350727.9893
2021-01-30,8579956631.7803
2021-01-31,8355952228.8663
2021-02-01,8216222027.9414
2021-02-02,8091258013.2158
2021-02-03,8703316755.9904
2021-02-04,9099301719.5345
2021-02-05,9125255843.0857
2021-02-06,9685331923.884
2021-02-07,10335578983.9807
2021-02-08,10195021890.9927
2021-02-09,11613853575.2513
2021-02-10,11475808324.4127
2021-02-11,11523902508.4924
2021-02-12,12377736644.5409
2021-02-13,12190441954.6333
2021-02-14,12219232782.0299
2021-02-15,13035283096.2567
2021-02-16,12529192247.7969
2021-02-17,12994795138.2975
2021-02-18,14160558322.5336
2021-02-19,13883992691.2322
2021-02-20,14120569453.2391
2021-02-21,13468775655.8338
2021-02-22,14059539872.7602
2021-02-23,12794468501.1163
2021-02-24,12118086107.4149
2021-02-25,12156716272.229
2021-02-26,12048095610.3741
2021-02-27,11339955751.084
2021-02-28,11394455569.1776
2021-03-01,11434742131.207
2021-03-02,11985204326.0426
2021-03-03,11809674488.3184
2021-03-04,12507091145.7466
2021-03-05,12204791733.2473
2021-03-06,11986376410.4544
2021-03-07,12001768648.3023
2021-03-08,12761555629.5552
2021-03-09,13587201564.8958
2021-03-10,14633755386.7744
2021-03-11,15464319637.195
2021-03-12,16153547216.9166
2021-03-13,16043738320.1491
2021-03-14,17707992334.5967
2021-03-15,17543346729.3637
2021-03-16,16121356529.6631
2021-03-17,15526093984.4658
2021-03-18,15843548672.3792
2021-03-19,16178918333.2385
2021-03-20,15941152371.1384
2021-03-21,16234349688.5549
2021-03-22,16324323802.8331
2021-03-23,16084417962.7723
2021-03-24,15876008359.5438
2021-03-25,15395730561.1539
2021-03-26,15031687455.6392
2021-03-27,14606578347.8383
2021-03-28,14724723472.5029
2021-03-29,14810164273.7113
2021-03-30,16051634919.0782
2021-03-31,17211355898.7155
2021-04-01,17186673832.6464
2021-04-02,17093172411.8708
2021-04-03,17666760539.4977
2021-04-04,17768177423.9776
2021-04-05,17601000316.8503
2021-04-06,18013366907.7146
2021-04-07,18006512669.0066
2021-04-08,17652091456.574
2021-04-09,17407904024.262
2021-04-10,17516056333.8466
2021-04-11,18687847361.4475
2021-04-12,19005186980.8055
2021-04-13,19643605817.722
2021-04-14,21263545266.4532
2021-04-15,20754054551.1783
2021-04-16,20664139188.425
2021-04-17,19995284093.7514
2021-04-18,20009664352.9561
2021-04-19,16998087957.9423
2021-04-20,16138622268.7634
2021-04-21,15915997735.1003
2021-04-22,15645666303.0464
2021-04-23,15241718834.3034
2021-04-24,14526200780.4352
2021-04-25,14451911530.6032
2021-04-26,14497797826.6423
2021-04-27,13989668732.596
2021-04-28,14230149261.96
2021-04-29,13952652405.1254
2021-04-30,14280096090.1761
2021-05-01,14884940735.9957
2021-05-02,15009743839.0955
2021-05-03,15111980210.0202
2021-05-04,15090344572.0441
2021-05-05,14833246730.6656
2021-05-06,14944668592.2824
2021-05-07,15076653471.3011
2021-05-08,14919290240.6788
2021-05-09,15402156673.0223
2021-05-10,15345960162.3607
2021-05-11,15580722838.9463
2021-05-12,15552730491.4471
2021-05-13,15174394510.5774
2021-05-14,14485787933.4843
2021-05-15,14329228608.5131
2021-05-16,14690145053.218
2021-05-17,14410363839.39
2021-05-18,13864176550.5821
2021-05-19,13700870505.1169
2021-05-20,9268407922.0449
2021-05-21,9386926515.3699
2021-05-22,9186430893.4875
2021-05-23,8759137294.358
2021-05-24,8409665149.0742
2021-05-25,8707302814.7379
2021-05-26,8675928412.1019
2021-05-27,8807191436.3165
2021-05-28,8671880460.8378
2021-05-29,8587283215.6196
2021-05-30,8427715292.0938
2021-05-31,8422952272.7401
2021-06-01,8685241453.3754
2021-06-02,8477316335.4239
2021-06-03,8849827810.0064
2021-06-04,9337468582.2208
2021-06-05,8983269524.3594
2021-06-06,8889212406.624199
2021-06-07,9037682627.2413
2021-06-08,9315458170.3525
2021-06-09,8879866429.151
2021-06-10,9654507023.4661
2021-06-11,9138446587.938799
2021-06-12,9449884472.9347
2021-06-13,9050924766.1928
2021-06-14,9901060446.2169
2021-06-15,10056645928.1642
2021-06-16,10114057300.0711
2021-06-17,9973425967.1345
2021-06-18,10125627744.5052
2021-06-19,9575264461.686201
2021-06-20,9623360796.3389
2021-06-21,9618520387.9655
2021-06-22,8991088638.5381
2021-06-23,8919840553.710001
2021-06-24,8905403832.8024
2021-06-25,9124282283.8592
2021-06-26,8254873380.5401
2021-06-27,8347365409.313499
2021-06-28,8735506974.063
2021-06-29,8562287161.4729
2021-06-30,9074016055.573
2021-07-01,8787196408.6191
2021-07-02,8735261842.8224
2021-07-03,8890189293.622
2021-07-04,9020051823.4354
2021-07-05,9078112729.3063
2021-07-06,8894017025.9835
2021-07-07,8887575475.1929
2021-07-08,8903646655.3206
2021-07-09,9023170113.6188
2021-07-10,8878794907.4263
2021-07-11,8910254962.6973
2021-07-12,9142180200.6167
2021-07-13,9000840030.8006
2021-07-14,9034225661.4474
2021-07-15,8950181824.052
2021-07-16,9303481582.684
2021-07-17,8932041463.5144
2021-07-18,9140613575.1576
2021-07-19,9149477335.0891
2021-07-20,9615582772.0644
2021-07-21,9330697770.1098
2021-07-22,9337704492.0212
2021-07-23,9338633645.3192
2021-07-24,9725156883.423601
2021-07-25,10042370026.0553
2021-07-26,10477954502.8786
2021-07-27,9388597845.4767
2021-07-28,9866693950.2152
2021-07-29,9928142396.9418
2021-07-30,10052119586.7959
2021-07-31,10240995014.225
2021-08-01,10032624298.8664
2021-08-02,9696562150.0836
2021-08-03,9756186075.1137
2021-08-04,9769759085.2207
2021-08-05,9913689479.9503
2021-08-06,9888728815.2771
2021-08-07,10482002976.2121
2021-08-08,10777205913.1589
2021-08-09,10545724973.4955
2021-08-10,11213525608.1746
2021-08-11,11231596923.1923
2021-08-12,11285287903.1489
2021-08-13,11491659942.9723
2021-08-14,11898940185.3457
2021-08-15,11733261793.4113
2021-08-16,11558109208.5593
2021-08-17,11825634035.0098
2021-08-18,11651646142.7984
2021-08-19,11327899356.925
2021-08-20,11724999642.603
2021-08-21,12477245257.4264
2021-08-22,12429031380.7837
2021-08-23,12451012612.5057
2021-08-24,12927283657.7029
2021-08-25,13058424350.4063
2021-08-26,12887064812.5265
2021-08-27,12584025582.0177
2021-08-28,12470242056.8995
2021-08-29,12570456262.9828
2021-08-30,12457049864.3835
2021-08-31,12527044571.9117
2021-09-01,12643491818.9573
2021-09-02,12813910496.3986
2021-09-03,13496409801.9959
2021-09-04,13417839728.0754
2021-09-05,13035576801.8928
2021-09-06,14211857514.0587
2021-09-07,14545517108.1135
2021-09-08,11036011717.6647
2021-09-09,10857071366.3942
2021-09-10,10875742701.367
2021-09-11,10949652898.6562
2021-09-12,10805231394.5412
2021-09-13,10852770229.7732
2021-09-14,10800553744.5315
2021-09-15,10918454251.7518
2021-09-16,11485885261.0192
2021-09-17,11190984609.5179
2021-09-18,11318786132.5598
2021-09-19,11532823807.3296
2021-09-20,11444043504.086
2021-09-21,10778055684.7518
2021-09-22,10013303784.8071
2021-09-23,10356571485.9628
2021-09-24,10474165432.8239
2021-09-25,9628494173.3704
2021-09-26,9510554227.5055
2021-09-27,9583489625.5269
2021-09-28,9466178378.7364
2021-09-29,9429940394.868
2021-09-30,9741781622.966301
2021-10-01,9916902461.1924
2021-10-02,10880648448.6414
2021-10-03,10891237834.4347
2021-10-04,11006796472.8454
2021-10-05,11279266954.3433
2021-10-06,12038992702.8053
2021-10-07,12229526368.6093
2021-10-08,12314031205.4857
2021-10-09,12281804213.527
2021-10-10,12422429924.4569
2021-10-11,12733963601.4163
2021-10-12,13503560380.3482
2021-10-13,13116525651.7179
2021-10-14,13269498256.6244
2021-10-15,13369602209.0876
2021-10-16,14537948067.6013
2021-10-17,14658646166.1563
2021-10-18,14884590800.9281
2021-10-19,14901337487.4955
2021-10-20,15884219833.6123
2021-10-21,16536434046.4917
2021-10-22,16119704666.8836
2021-10-23,15746813822.5678
2021-10-24,15590097463.7028
2021-10-25,15763263331.8751
2021-10-26,16162995290.4191
2021-10-27,15933328272.9235
2021-10-28,15101140676.256
2021-10-29,14925292771.5048
2021-10-30,15189566991.849
2021-10-31,15092549908.2296
2021-11-01,15638249450.9955
2021-11-02,15474532718.6131
2021-11-03,16397224879.6321
2021-11-04,16162480793.4157
2021-11-05,16052751022.0965
2021-11-06,15996364796.5488
2021-11-07,16031458125.3925
2021-11-08,16492374571.3243
2021-11-09,18120786055.0172
2021-11-10,18049492847.8594
2021-11-11,16986888705.9393
2021-11-12,16472911068.5247
2021-11-13,16313999873.3492
2021-11-14,16382174238.6703
2021-11-15,16715556110.4961
2021-11-16,17107233257.5592
2021-11-17,15797487990.2706
2021-11-18,15780344504.1455
2021-11-19,15468370583.4492
2021-11-20,15292641538.7481
2021-11-21,15390937671.5529
2021-11-22,15173675044.1724
2021-11-23,15213115810.0191
2021-11-24,15258930086.9356
2021-11-25,15308326229.0808
2021-11-26,15829192038.8344
2021-11-27,15178544879.1608
2021-11-28,14823786277.7249
2021-11-29,15177662209.2009
2021-11-30,15388918840.3303
2021-12-01,15160914115.1469
2021-12-02,15450993457.6343
2021-12-03,15304814145.2225
2021-12-04,14811606521.6835
2021-12-05,10350487256.9627
2021-12-06,10076743874.0335
2021-12-07,10041612130.8633
2021-12-08,10199174818.3959
2021-12-09,10119000494.5321
2021-12-10,10216987117.8237
2021-12-11,9964063667.385
2021-12-12,10204191846.8799
2021-12-13,10587017412.5318
2021-12-14,10368047740.5854
2021-12-15,10374841492.8484
2021-12-16,10478878701.4774
2021-12-17,10814789953.189
2021-12-18,10955347272.6777
2021-12-19,10918672960.8901
2021-12-20,11042088876.7312
2021-12-21,11482156963.7652
2021-12-22,12513577790.9871
2021-12-23,12458619740.0682
2021-12-24,12895952041.4612
2021-12-25,12814329058.1407
2021-12-26,12900997638.393
2021-12-27,12847605857.3054
2021-12-28,12995102507.3988
2021-12-29,12641716624.7545
2021-12-30,12123578690.4101
2021-12-31,12239969349.7415
2022-01-01,11763136964.4724
2022-01-02,11773873125.8096
2022-01-03,11751000670.3923
2022-01-04,12233323683.7317
2022-01-05,12226965441.8849
2022-01-06,11638126808.4065
2022-01-07,11675306958.9932
2022-01-08,11112337555.7981
2022-01-09,11105584429.6121
2022-01-10,11134446452.8461
2022-01-11,11157767006.452
2022-01-12,11353240771.6019
2022-01-13,11558718665.1622
2022-01-14,11501885943.7041
2022-01-15,11401918529.3097
2022-01-16,11454661166.1572
2022-01-17,11358680419.0088
2022-01-18,11474616236.1686
2022-01-19,11482823789.1322
2022-01-20,11762799777.5957
2022-01-21,11586939058.4288
2022-01-22,10196668178.7282
2022-01-23,9846548317.385
2022-01-24,10285104223.3441
2022-01-25,10156941141.7658
2022-01-26,10371256165.1219
2022-01-27,10147900334.9522
2022-01-28,10180879014.8303
2022-01-29,10434867890.8185
2022-01-30,10772209823.1451
2022-01-31,10633943855.5021
2022-02-01,11140212772.9767
2022-02-02,10833597200.6621
2022-02-03,10598744854.1182
2022-02-04,10968997167.1398
2022-02-05,11457860429.4405
2022-02-06,11570487721.5817
2022-02-07,11947941890.0256
2022-02-08,12209215770.0032
2022-02-09,11916555910.1237
2022-02-10,11929473226.1661
2022-02-11,11808073796.3925
2022-02-12,11361822842.0796
2022-02-13,11582999693.0361
2022-02-14,11618041437.0979
2022-02-15,11833266132.2813
2022-02-16,12412238277.6171
2022-02-17,12212575301.4451
2022-02-18,12001252744.6675
2022-02-19,11684503195.6564
2022-02-20,11850749111.6307
2022-02-21,11422376210.1906
2022-02-22,11156379228.7021
2022-02-23,11467863641.4937
2022-02-24,11213977598.9888
2022-02-25,11085508193.0276
2022-02-26,11568733721.8337
2022-02-27,11441935785.8877
2022-02-28,11133215910.3592
2022-03-01,11728139293.54
2022-03-02,12255169181.388
2022-03-03,12608883966.1255
2022-03-04,12648146337.1332
2022-03-05,11891972246.2863
2022-03-06,12069951457.7399
2022-03-07,11810805813.0181
2022-03-08,11511564768.6278
2022-03-09,11523339460.6347
2022-03-10,12454964494.6204
2022-03-11,11767678053.0969
2022-03-12,11896280323.6516
2022-03-13,12144629835.3025
2022-03-14,12392922631.5417
2022-03-15,12364505757.5596
2022-03-16,12206132767.9225
2022-03-17,12401227783.694
2022-03-18,12589450443.1992
2022-03-19,12852116823.13
2022-03-20,13192665060.8102
2022-03-21,12917243862.0654
2022-03-22,12889200737.1565
2022-03-23,13237134352.9782
2022-03-24,13423832141.2901
2022-03-25,14261859909.7307
2022-03-26,13571119357.8406
2022-03-27,13725758432.8558
2022-03-28,14236902183.5308
2022-03-29,14123826658.6491
2022-03-30,15058879845.3539
2022-03-31,14026328069.6797
2022-04-01,13456619741.8082
2022-04-02,13630708310.6953
2022-04-03,13611370771.294
2022-04-04,14112617058.1075
2022-04-05,14129310050.756
2022-04-06,14405459583.0569
2022-04-07,14402042820.293
2022-04-08,16048691163.5189
2022-04-09,15070159680.4228
2022-04-10,15104418188.4947
2022-04-11,14917176005.3518
2022-04-12,13791764371.348
2022-04-13,13803572368.1926
2022-04-14,13862464863.2974
2022-04-15,13302042186.2088
2022-04-16,12927644574.2022
2022-04-17,13064722097.3401
2022-04-18,13184480881.5305
2022-04-19,12765442566.5559
2022-04-20,12976396683.8609
2022-04-21,12812836839.6782
2022-04-22,12780581790.6041
2022-04-23,12906022639.1766
2022-04-24,12985250478.862
2022-04-25,12865869467.4253
2022-04-26,12939942522.2075
2022-04-27,12832039443.4606
2022-04-28,12749722847.4192
2022-04-29,12729167203.7494
2022-04-30,12664869771.5524
2022-05-01,12439883587.6518
2022-05-02,12429464128.3051
2022-05-03,12561600988.3006
2022-05-04,13143109514.316
2022-05-05,13186367725.0599
2022-05-06,13041009365.6693
2022-05-07,12560541134.6982
2022-05-08,12447903490.5097
2022-05-09,12220471789.0414
2022-05-10,11384777698.686
2022-05-11,11031297353.7637
2022-05-12,10971582847.6351
2022-05-13,10295154245.4925
2022-05-14,10312201597.333
2022-05-15,10169856795.728
2022-05-16,10204796503.0114
2022-05-17,9951907322.9313
2022-05-18,10136392973.1065
2022-05-19,10178634929.3028
2022-05-20,11480421745.2314
2022-05-21,11137487302.3375
2022-05-22,10328710802.9492
2022-05-23,10867385648.8685
2022-05-24,10639558404.1124
2022-05-25,10732464211.2803
2022-05-26,10627475097.7801
2022-05-27,10611507004.7125
2022-05-28,10401287980.9481
2022-05-29,10321019564.2366
2022-05-30,10982556068.2423
2022-05-31,11313372877.6107
2022-06-01,11447568713.6848
2022-06-02,10789311630.1184
2022-06-03,10856894153.5437
2022-06-04,10797454607.5953
2022-06-05,10793926110.5847
2022-06-06,10896564948.4297
2022-06-07,11785811459.0295
2022-06-08,11153700322.948
2022-06-09,10639470900.8195
2022-06-10,10902528722.3011
2022-06-11,11119044049.2511
2022-06-12,11126432092.7094
2022-06-13,10670160198.4272
2022-06-14,9059825856.4092
2022-06-15,8777095344.5728
2022-06-16,8749506060.5724
2022-06-17,8391708826.4691
2022-06-18,8308831633.7548
2022-06-19,7935471217.7957
2022-06-20,8189062003.8375
2022-06-21,8244932414.9226
2022-06-22,8348744369.8582
2022-06-23,8203024908.4358
2022-06-24,8534582329.2601
2022-06-25,7735918864.817201
2022-06-26,8064777153.8695
2022-06-27,7842540640.980801
2022-06-28,7884008426.5402
2022-06-29,8027301434.7787
2022-06-30,8003547739.9496
2022-07-01,8011553636.818399
2022-07-02,7664908549.8235
2022-07-03,7800717583.7444
2022-07-04,7853665839.6693
2022-07-05,8506974705.0876
2022-07-06,8472827111.8138
2022-07-07,8714384642.346199
2022-07-08,9604161788.9303
2022-07-09,9132091841.820301
2022-07-10,9189525142.1166
2022-07-11,8963796345.9546
2022-07-12,8714274456.1214
2022-07-13,8671158419.4803
2022-07-14,8822351347.7102
2022-07-15,9184583297.4976
2022-07-16,9178535397.6348
2022-07-17,9363120098.0247
2022-07-18,9363120098.0247
2022-07-19,9728787093.1512
2022-07-20,10360270491.9022
2022-07-21,10127099616.203
2022-07-22,9955575719.2656
2022-07-23,9819906126.8412
2022-07-24,9828978975.0569
2022-07-25,9919616293.872799
2022-07-26,9321404109.9452
2022-07-27,9446042242.6919
2022-07-28,10218298766.7344
2022-07-29,10345337334.4365
2022-07-30,10406250886.8731
2022-07-31,10466826030.5189
2022-08-01,10215524804.4559
2022-08-02,10013246037.7452
2022-08-03,9815531171.3584
2022-08-04,10068652686.1055
2022-08-05,9873794294.4535
2022-08-06,10251690414.9503
2022-08-07,10400618071.3625
2022-08-08,10531142731.8136
2022-08-09,11219454925.2544
2022-08-10,11967181535.8646
2022-08-11,11804248367.5972
2022-08-12,12020233752.335
2022-08-13,12207620373.7011
2022-08-14,12450476833.7456
2022-08-15,12228213108.1178
2022-08-16,11955877572.1641
2022-08-17,12035277185.1593
2022-08-18,12371304081.2649
2022-08-19,12289355072.1446
2022-08-20,11026637031.4174
2022-08-21,11136743392.1978
2022-08-22,11058807819.0567
2022-08-23,11309093294.7065
2022-08-24,11441723718.4315
2022-08-25,11334761145.5116
2022-08-26,11390328402.209
2022-08-27,11242937757.2646
2022-08-28,11383989707.5858
2022-08-29,11190221870.0932
2022-08-30,11445658376.195
2022-08-31,11316308343.4846
2022-09-01,10851472687.5444
2022-09-02,11288482505.353
2022-09-03,10999075047.2464
2022-09-04,11485527071.479
2022-09-05,11605876284.7886
2022-09-06,11649071831.6176
2022-09-07,11544082349.0249
2022-09-08,11175560772.3952
2022-09-09,11205354853.773
2022-09-10,12519770579.6573
2022-09-11,12731279257.7604
2022-09-12,12992436280.2485
2022-09-13,13047025110.3577
2022-09-14,11200391329.9242
2022-09-15,11107452714.8837
2022-09-16,10982308515.8853
2022-09-17,11194536481.331
2022-09-18,11455196770.2193
2022-09-19,11347820766.7637
2022-09-20,10928830397.6098
2022-09-21,10941342509.5989
2022-09-22,10649761508.8468
2022-09-23,11105873722.7341
2022-09-24,10950090235.7519
2022-09-25,10901667295.6192
2022-09-26,10971891877.7745
2022-09-27,11251436214.6026
2022-09-28,11177114818.7925
2022-09-29,11420372243.2896
2022-09-30,11407103813.895
2022-10-01,10701999593.1491
2022-10-02,10801430046.2196
2022-10-03,10791752392.7884
2022-10-04,11392580001.361
2022-10-05,12959530891.1077
2022-10-06,12599076974.5182
2022-10-07,12552620192.339
2022-10-08,12179396058.6968
2022-10-09,12190906984.7621
2022-10-10,12402762257.1501
2022-10-11,12476288584.8094
2022-10-12,12641628290.6747
2022-10-13,12213659304.3287
2022-10-14,12539914287.6853
2022-10-15,12036283958.8985
2022-10-16,12145571203.7403
2022-10-17,11972695117.504
2022-10-18,12610612287.6883
2022-10-19,12405399186.6698
2022-10-20,12568325030.0429
2022-10-21,12736167817.6739
2022-10-22,12515980577.4945
2022-10-23,12517327756.0182
2022-10-24,12827929367.227
2022-10-25,12266449281.0336
2022-10-26,13362852763.4357
2022-10-27,13538037877.428
2022-10-28,12702680964.9058
2022-10-29,12476854784.6151
2022-10-30,12553020642.9046
2022-10-31,12088770153.1065
2022-11-01,11759334211.9908
2022-11-02,11692597949.1498
2022-11-03,11527950619.78
2022-11-04,11474634907.785
2022-11-05,12543341282.1436
2022-11-06,12933693866.1506
2022-11-07,12145643495.8631
2022-11-08,11607912969.1669
2022-11-09,9971928383.7425
2022-11-10,9506854990.1924
2022-11-11,9130006498.0097
2022-11-12,9000747857.3891
2022-11-13,8956858882.1151
2022-11-14,8508820223.7936
2022-11-15,8371523709.6146
2022-11-16,8603876144.459501
2022-11-17,8628424621.1604
2022-11-18,8854159301.6124
2022-11-19,8785967073.257101
2022-11-20,8782720963.5763
2022-11-21,8727385802.793
2022-11-22,8663479427.1348
2022-11-23,8881309116.9219
2022-11-24,8894702061.4098
2022-11-25,8936418327.1537
2022-11-26,8926640749.412899
2022-11-27,8986263090.6921
2022-11-28,9070084392.1575
2022-11-29,9000219468.1392
2022-11-30,9024545066.4033
2022-12-01,9354866660.986
2022-12-02,9348186894.9489
2022-12-03,9288010923.9423
2022-12-04,9109294585.1978
2022-12-05,9402560969.952301
2022-12-06,9335426806.487
2022-12-07,9085456690.9226
2022-12-08,8952400632.116499
2022-12-09,9119522064.0764
2022-12-10,8930406201.3831
2022-12-11,9010505392.9812
2022-12-12,8972323817.6443
2022-12-13,9010539170.3463
2022-12-14,9576748090.3464
2022-12-15,9669253841.4506
2022-12-16,9560413385.6579
2022-12-17,8876546204.9555
2022-12-18,8947819379.5463
2022-12-19,8713534213.8556
2022-12-20,8771289195.207
2022-12-21,8844740510.5706
2022-12-22,8794122000.69
2022-12-23,8918434281.8502
2022-12-24,8905527714.0575
2022-12-25,8829663313.7158
2022-12-26,8823107188.258
2022-12-27,8822176486.5873
2022-12-28,8973645828.9298
2022-12-29,9079195576.5508
2022-12-30,9199813983.003801
2022-12-31,8817276843.1502
2023-01-01,8571922044.0209
2023-01-02,8710776185.0706
2023-01-03,8935111305.4725
2023-01-04,8793710390.0326
2023-01-05,8714360101.5909
2023-01-06,8682663734.4201
2023-01-07,9075200803.9503
2023-01-08,8658285334.589
2023-01-09,8762155931.336
2023-01-10,8621090587.8841
2023-01-11,9256739261.4463
2023-01-12,9212076903.303299
2023-01-13,9394926986.3263
2023-01-14,9861568737.6739
2023-01-15,9341154138.6061
2023-01-16,9383019279.326
2023-01-17,9723774444.0677
2023-01-18,9904979381.1306
2023-01-19,9785807642.5383
2023-01-20,10219466916.8056
2023-01-21,10241013574.5973
2023-01-22,9911332429.166399
2023-01-23,9811599858.5666
2023-01-24,9904581502.7176
2023-01-25,9916460492.4165
2023-01-26,9679009328.2017
2023-01-27,9615678939.509
2023-01-28,9284924503.2205
2023-01-29,9267306216.5414
2023-01-30,10035682717.4919
2023-01-31,9444225314.7432
2023-02-01,9631980590.2804
2023-02-02,9969162625.1636
2023-02-03,9820557653.3087
2023-02-04,9885872491.8332
2023-02-05,9898498158.327099
2023-02-06,10016484958.8482
2023-02-07,9943989335.0544
2023-02-08,9984947371.7565
2023-02-09,10116746808.1332
2023-02-10,9377212229.2366
2023-02-11,9409810484.976099
2023-02-12,9447883595.9672
2023-02-13,9318170373.8869
2023-02-14,9344163610.946701
2023-02-15,9727922977.8036
2023-02-16,10649235407.976
2023-02-17,10033836193.2716
2023-02-18,10359772571.2824
2023-02-19,10611274665.0973
2023-02-20,10516422025.8596
2023-02-21,10905636881.4799
2023-02-22,10845654915.9751
2023-02-23,10675313056.0476
2023-02-24,10643605178.1857
2023-02-25,10142900127.9303
2023-02-26,10310822539.2926
2023-02-27,10232913616.8166
2023-02-28,10116939031.8023
2023-03-01,10219571554.5578
2023-03-02,10258074484.5167
2023-03-03,10518420104.6669
2023-03-04,9664034730.0047
2023-03-05,9576093226.0836
2023-03-06,9410316418.5054
2023-03-07,9550219319.8967
2023-03-08,9427305936.1463
2023-03-09,9354508640.909399
2023-03-10,8496388980.812
2023-03-11,8496388980.812
2023-03-12,8496388980.812
2023-03-13,8496388980.812
2023-03-14,8496388980.812
2023-03-15,8496388980.812
2023-03-16,8496388980.812
2023-03-17,9430447367.764
2023-03-18,10452309466.0026
2023-03-19,10297592666.9777
2023-03-20,11079028194.7182
2023-03-21,10807413437.2073
2023-03-22,10836190930.5966
2023-03-23,10273200688.3136
2023-03-24,10602488631.5063
2023-03-25,9974530829.4724
2023-03-26,9974530829.4724
2023-03-27,10417845923.1581
2023-03-28,10088330959.7128
2023-03-29,10269866648.8748
2023-03-30,10974076174.3435
2023-03-31,10496175009.7396
2023-04-01,10473538847.7352
2023-04-02,10449489130.0425
2023-04-03,10336276275.172
2023-04-04,9712940702.7707
2023-04-05,10056130761.1714
2023-04-06,9999765483.3417
2023-04-07,10150826382.4125
2023-04-08,10328068218.1196
2023-04-09,10321425219.2556
2023-04-10,10591837844.2125
2023-04-11,11970876511.0756
2023-04-12,12102301518.8729
2023-04-13,11945566360.4244
2023-04-14,12201616504.5399
2023-04-15,11504526669.3244
2023-04-16,11591134919.6271
2023-04-17,11388643779.0227
2023-04-18,11192294951.0892
2023-04-19,11517249544.0977
2023-04-20,10731564108.5672
2023-04-21,10865818321.9906
2023-04-22,10376059213.762
2023-04-23,10646443218.3273
2023-04-24,10374358752.887
2023-04-25,10324140961.4945
2023-04-26,10667282287.1649
2023-04-27,9762115067.1527
2023-04-28,10615180320.8043
2023-04-29,10604008008.4239
2023-04-30,10624787187.221
2023-05-01,10482138918.9813
2023-05-02,10318390787.2062
2023-05-03,10578385212.2158
2023-05-04,10479851915.5536
2023-05-05,10774992192.444
2023-05-06,11263985305.4449
2023-05-07,10543233516.7334
2023-05-08,10526563372.5498
2023-05-09,10744974348.1943
2023-05-10,10764872713.6037
2023-05-11,10320643625.5286
2023-05-12,10826434146.5709
2023-05-13,10437843564.9217
2023-05-14,10528195568.0702
2023-05-15,10616350268.237
2023-05-16,10811521080.1426
2023-05-17,10936627841.6496
2023-05-18,10981428680.8122
2023-05-19,10572376208.0101
2023-05-20,10486654684.1099
2023-05-21,10706391353.069
2023-05-22,10639866075.4051
2023-05-23,10725643765.8312
2023-05-24,11018771735.5901
2023-05-25,10858717342.9623
2023-05-26,10798700601.033
2023-05-27,10589032466.3158
2023-05-28,10640790879.4515
2023-05-29,11294058246.3469
2023-05-30,11180790221.215
2023-05-31,11249304514.0076
2023-06-01,10982354798.1218
2023-06-02,10930769087.8044
2023-06-03,11090831085.0296
2023-06-04,11054540999.0485
2023-06-05,10869863651.2734
2023-06-06,11104930174.6576
2023-06-07,10882521390.498
2023-06-08,10254662321.7478
2023-06-09,10358126017.5554
2023-06-10,10344349656.3091
2023-06-11,10188603746.7473
2023-06-12,10153225703.934
2023-06-13,10310844562.8293
2023-06-14,10561975716.3152
2023-06-15,10314432487.0941
2023-06-16,10465454696.2309
2023-06-17,10882632477.9537
2023-06-18,10674140786.0079
2023-06-19,10697417112.4343
2023-06-20,10966109342.3002
2023-06-21,12355737584.8551
2023-06-22,12377369383.3462
2023-06-23,12494300101.7545
2023-06-24,12768822923.5727
2023-06-25,12688106125.8597
2023-06-26,12772460809.3479
2023-06-27,12674916005.9857
2023-06-28,12911522223.0919
2023-06-29,12602653666.2192
2023-06-30,12880423325.4009
2023-07-01,11871445356.9939
2023-07-02,12107866201.2258
2023-07-03,12002497147.3943
2023-07-04,12776013160.9331
2023-07-05,12448567643.3451
2023-07-06,12569535954.5158
2023-07-07,11999272966.5776
2023-07-08,12161389784.1387
2023-07-09,12178348079.9219
2023-07-10,12128551538.5586
2023-07-11,11970254386.6931
2023-07-12,12259672763.4498
2023-07-13,12864346893.3365
2023-07-14,12872938851.2457
2023-07-15,12504825209.5187
2023-07-16,12446523499.4788
2023-07-17,12397361385.114
2023-07-18,12483303457.5637
2023-07-19,12906541534.5197
2023-07-20,12736540223.1975
2023-07-21,12359463627.8863
2023-07-22,12221958885.2325
2023-07-23,12026843249.3945
2023-07-24,12026843249.3945
2023-07-25,12026843249.3945
2023-07-26,12384184166.1308
2023-07-27,12367558799.8072
2023-07-28,12482031523.9631
2023-07-29,12498073965.6659
2023-07-30,12525352130.4949
2023-07-31,12429812929.9108
2023-08-01,12637014630.992
2023-08-02,12570693459.0614
2023-08-03,12417058431.853
2023-08-04,12478708037.2031
2023-08-05,12686407103.7273
2023-08-06,12652387741.2072
2023-08-07,12470719038.7651
2023-08-08,12506621256.6799
2023-08-09,13253791442.2965
2023-08-10,12816055882.7655
2023-08-11,12941830739.4528
2023-08-12,12856805942.1125
2023-08-13,12802831616.2683
2023-08-14,12670243667.2711
2023-08-15,12501044169.9993
2023-08-16,12841552658.3461
2023-08-17,12849957627.0142
2023-08-18,10358806914.4723
2023-08-19,9816721377.0542
2023-08-20,9647350670.5021
2023-08-21,9785190395.9128
2023-08-22,9712142270.8433
2023-08-23,9266507686.287
2023-08-24,9193694223.9377
2023-08-25,9291608109.9458
2023-08-26,9099889649.4432
2023-08-27,9134633969.0487
2023-08-28,9246354144.6693
2023-08-29,9180684256.1188
2023-08-30,10215430630.2547
2023-08-31,9815735013.0592
2023-09-01,9036632997.7458
2023-09-02,9008578215.4433
2023-09-03,9053480876.8249
2023-09-04,9129209614.29
2023-09-05,9023853842.6651
2023-09-06,9956028540.4989
2023-09-07,10010564237.4725
2023-09-08,10164399548.111
2023-09-09,10008103492.1294
2023-09-10,10001213809.1958
2023-09-11,9913916400.0206
2023-09-12,10222364210.3887
2023-09-13,10072306743.1436
2023-09-14,10466152825.5545
2023-09-15,10709824994.8205
2023-09-16,10435175507.8293
2023-09-17,10473292864.3105
2023-09-18,10471570756.3681
2023-09-19,10604809068.0999
2023-09-20,10905199280.4837
2023-09-21,10716700071.107
2023-09-22,11219106770.2097
2023-09-23,10537381907.1596
2023-09-24,10506668458.6142
2023-09-25,10235481289.9556
2023-09-26,10462853074.8688
2023-09-27,10625325837.2837
2023-09-28,10587125881.646
2023-09-29,11293222523.1959
2023-09-30,10642992677.3615
2023-10-01,10732399135.4821
2023-10-02,10939614742.5994
2023-10-03,10790829833.7569
2023-10-04,10824568237.5215
2023-10-05,11233984039.6518
2023-10-06,11165802160.1066
2023-10-07,11619767166.6083
2023-10-08,11529363438.8241
2023-10-09,11471899802.9296
2023-10-10,11210359007.8625
2023-10-11,11267425016.2199
2023-10-12,11369742805.7627
2023-10-13,11290482345.6878
2023-10-14,11213564635.312
2023-10-15,11272798082.9268
2023-10-16,11488142992.7717
2023-10-17,11128562150.9986
2023-10-18,11342592271.1766
2023-10-19,11051142720.5379
2023-10-20,11398508309.7745
2023-10-21,11778767553.2723
2023-10-22,12203114336.3957
2023-10-23,12005065152.317
2023-10-24,11915218946.538
2023-10-25,12257105396.6178
2023-10-26,12796471489.7815
2023-10-27,12829937638.2159
2023-10-28,12470579358.899
2023-10-29,12670389994.9282
2023-10-30,13236722842.7084
2023-10-31,12942022460.1138
2023-11-01,13097435533.679
2023-11-02,13349082617.9098
2023-11-03,12920377049.1067
2023-11-04,12833741597.8417
2023-11-05,13007586969.1138
2023-11-06,13222701713.9218
2023-11-07,13296921244.8246
2023-11-08,13613989274.6147
2023-11-09,13911147131.4423
2023-11-10,13521428249.6659
2023-11-11,13480756249.9477
2023-11-12,13314568066.235
2023-11-13,13487090343.1933
2023-11-14,13237725763.5567
2023-11-15,12646627275.5965
2023-11-16,13696747388.4521
2023-11-17,13164768792.2827
2023-11-18,12875711598.1669
2023-11-19,12984269171.1225
2023-11-20,13384308788.4144
2023-11-21,13640035545.7187
2023-11-22,12736518334.1865
2023-11-23,13340636701.7907
2023-11-24,13495013854.8967
2023-11-25,13494285472.0082
2023-11-26,13543436802.9558
2023-11-27,13404299965.2536
2023-11-28,13522321601.118
2023-11-29,14116679827.9528
2023-11-30,13857984641.1787
2023-12-01,13719610083.0648
2023-12-02,15209361413.3554
2023-12-03,14760606454.0416
2023-12-04,14797972609.2935
2023-12-05,16315247381.9474
2023-12-06,16345296256.5695
2023-12-07,15669282231.5287
2023-12-08,15720575812.1657
2023-12-09,15541202763.5795
2023-12-10,15323564238.2252
2023-12-11,15483122117.5281
2023-12-12,14807051511.4444
2023-12-13,15618671277.8157
2023-12-14,14700765901.4113
2023-12-15,14588238458.4358
2023-12-16,14059062233.0351
2023-12-17,14177949532.582
2023-12-18,13997109486.3765
2023-12-19,14240603389.8167
2023-12-20,14339544684.6821
2023-12-21,14965074974.8546
2023-12-22,15137613488.037
2023-12-23,15032039543.6746
2023-12-24,14897755309.4068
2023-12-25,14697823365.4616
2023-12-26,14901437088.4208
2023-12-27,15013227090.4981
2023-12-28,15316432970.1088
2023-12-29,15117723349.6758
2023-12-30,14306690508.2675
2023-12-31,14362434843.3542
2024-01-01,14207263160.7306
2024-01-02,14988160243.7592
2024-01-03,15518185310.2019
2024-01-04,14190076280.4101
2024-01-05,14171561345.9618
2024-01-06,13700366510.7188
2024-01-07,13737470585.7496
2024-01-08,13837728761.0402
2024-01-09,15161372618.6978
2024-01-10,14552783001.965
2024-01-11,14931668153.3303
2024-01-12,15374334816.7969
2024-01-13,14798214690.269
2024-01-14,14349143202.7086
2024-01-15,14272111244.3193
2024-01-16,14068862706.7126
2024-01-17,14222844008.3577
2024-01-18,14275496575.6302
2024-01-19,14248632250.1084
2024-01-20,14015815392.7763
2024-01-21,13954055400.7626
2024-01-22,13888399652.6487
2024-01-23,13555724635.1916
2024-01-24,13451330467.2354
2024-01-25,13542401118.7133
2024-01-26,13650017216.8059
2024-01-27,14116949809.553
2024-01-28,13998271842.1827
2024-01-29,13728355436.5999
2024-01-30,14265041794.4625
2024-01-31,14022791997.0517
2024-02-01,13767475176.8008
2024-02-02,14009141811.7465
2024-02-03,13921809260.5156
2024-02-04,13898869114.0713
2024-02-05,13850793159.6645
2024-02-06,14439569528.0549
2024-02-07,14650287334.2702
2024-02-08,15391469639.4981
2024-02-09,16029531822.8581
2024-02-10,16032712350.2506
2024-02-11,16490465182.8993
2024-02-12,17016910701.5186
2024-02-13,18106636271.3504
2024-02-14,17534776405.4775
2024-02-15,18598812558.4216
2024-02-16,18350898319.1725
2024-02-17,18299739592.6874
2024-02-18,18283028323.4381
2024-02-19,18188018793.5325
2024-02-20,18454648402.0352
2024-02-21,18188277435.8555
2024-02-22,18157382336.0483
2024-02-23,17856974985.5797
2024-02-24,17789391417.4323
2024-02-25,18075997993.9134
2024-02-26,17973274906.8029
2024-02-27,19140994106.9267
2024-02-28,19272104886.091
2024-02-29,20920484037.5602
2024-03-01,20066917795.5066
2024-03-02,20423072480.3295
2024-03-03,20437812021.3422
2024-03-04,21654769879.5215
2024-03-05,24489683875.0779
2024-03-06,24858174415.411
2024-03-07,22975630924.0289
2024-03-08,23400438720.3236
2024-03-09,23687842941.6778
2024-03-10,23861585885.1273
2024-03-11,24863348904.4433
2024-03-12,26906615836.6192
2024-03-13,26612336653.2352
2024-03-14,26879526855.5651
2024-03-15,27781607450.282
2024-03-16,26976885524.8889
2024-03-17,26062960198.6703
2024-03-18,26735229980.6988
2024-03-19,24882647103.4731
2024-03-20,24922490446.9358
2024-03-21,26852779034.2711
2024-03-22,25021880950.9961
2024-03-23,24628030704.5766
2024-03-24,25057342846.4488
2024-03-25,26065256691.8958
2024-03-26,27794313665.4247
2024-03-27,28160922185.3306
2024-03-28,27639599101.2309
2024-03-29,29025992725.6096
2024-03-30,27667117219.2537
2024-03-31,27681872728.3108
2024-04-01,28837422308.4463
2024-04-02,28364867371.9326
2024-04-03,26394800528.4388
2024-04-04,26430572762.537
2024-04-05,26862216993.8065
2024-04-06,26047203632.2084
2024-04-07,26667392514.0859
2024-04-08,27432670590.7208
2024-04-09,29301003585.8339
2024-04-10,28278565871.2354
2024-04-11,28126268042.7846
2024-04-12,27915942840.8509
2024-04-13,27024992559.2346
2024-04-14,23537107996.2548
2024-04-15,23975287582.7151
2024-04-16,23279396687.5514
2024-04-17,23149476349.724
2024-04-18,22834116411.8227
2024-04-19,23134672257.0134
2024-04-20,22869290119.7103
2024-04-21,23535793416.4104
2024-04-22,23501647736.75
2024-04-23,24589419598.6213
2024-04-24,24296572219.2133
2024-04-25,24787720589.1488
2024-04-26,24455352597.7287
2024-04-27,23904827743.6953
2024-04-28,24379459377.2632
2024-04-29,23828162014.7363
2024-04-30,24221555336.5081
2024-05-01,24202846002.0483
2024-05-02,22931317842.9288
2024-05-03,22780431361.6022
2024-05-04,24255709252.9338
2024-05-05,24541885045.4964
2024-05-06,24553223514.4609
2024-05-07,24223209821.2005
2024-05-08,24129499500.3959
2024-05-09,23733382055.4319
2024-05-10,24061291200.5642
2024-05-11,24091876419.4217
2024-05-12,24091876419.4217
2024-05-13,23921941305.295
2024-05-14,24523865922.8326
2024-05-15,24523865922.8326
2024-05-16,26244050764.0532
2024-05-17,25451932641.1536
2024-05-18,26228470157.4493
2024-05-19,26438753796.9293
2024-05-20,25992915846.8915
2024-05-21,27593342988.2008
2024-05-22,27931632193.6366
2024-05-23,27690655422.5884
2024-05-24,27011230571.6964
2024-05-25,26953755812.2042
2024-05-26,27478623791.7862
2024-05-27,27344437269.4932
2024-05-28,28107527415.3896
2024-05-29,28262900270.6784
2024-05-30,28437264638.8162
2024-05-31,27926325384.9254
2024-06-01,27926325384.9254
2024-06-02,28272425583.8537
2024-06-03,28208078828.1021
2024-06-04,28930935795.6024
2024-06-05,30441277816.6466
2024-06-06,31189764682.4404
2024-06-07,31109748604.8973
2024-06-08,30188367553.2732
2024-06-09,29927520279.7531
2024-06-10,30406368984.6806
2024-06-11,30295887906.9632
2024-06-12,29327986467.3336
2024-06-13,29327986467.3336
2024-06-14,29196936307.562
2024-06-15,28757626933.6795
2024-06-16,28888728734.9893
2024-06-17,29243123684.0378
2024-06-18,28576591362.685
2024-06-19,27888568849.8873
2024-06-20,27972529338.1437
2024-06-21,27820300074.6835
2024-06-22,27924452625.8072
2024-06-23,28115705003.4896
2024-06-24,28115705003.4896
2024-06-25,26904953457.9706
2024-06-26,26930450494.3805
2024-06-27,26680443081.8211
2024-06-28,27019268201.934
2024-06-29,26605695575.5331
2024-06-30,26764063088.5327
2024-07-01,27791805175.2815
2024-07-02,27333579997.5276
2024-07-03,27980709480.3039
2024-07-04,27409638325.5839
2024-07-05,25316399412.5862
2024-07-06,23474508003.6532
2024-07-07,23820851222.6871
2024-07-08,23088260068.3815
2024-07-09,22723395574.5636
2024-07-10,22723395574.5636
2024-07-11,19081749899.6087
2024-07-12,24167211427.4427
2024-07-13,19190792271.0194
2024-07-14,24995698682.5126
2024-07-15,25424419545.8083
2024-07-16,27324883279.0976
2024-07-17,27215209818.8396
2024-07-18,26899496842.6311
2024-07-19,27105924996.3615
2024-07-20,29146537369.1499
2024-07-21,29200027274.2404
2024-07-22,29461617992.1973
2024-07-23,29051617128.9125
2024-07-24,28529645838.4782
2024-07-25,28332429022.8593
2024-07-26,28501080934.7967
2024-07-27,29686941770.0091
2024-07-28,30021923278.7841
2024-07-29,30489607098.5346
2024-07-30,30459533104.3739
2024-07-31,30107933402.1739
2024-08-01,29456218908.1156
2024-08-02,29267584155.855
2024-08-03,27591534149.7252
2024-08-04,26809165599.2722
2024-08-05,25832595675.0259
2024-08-06,21313472356.8389
2024-08-07,20892820473.9376
2024-08-08,20818280059.5589
2024-08-09,22250802426.654
2024-08-10,21601614955.8486
2024-08-11,21859159495.1289
2024-08-12,21284801140.8825
2024-08-13,22654706164.799
2024-08-14,23732832410.3053
2024-08-15,23532422345.8881
2024-08-16,23623383628.2703
2024-08-17,23833444569.4051
2024-08-18,24176020417.3135
2024-08-19,23883595656.6529
2024-08-20,24048587322.6455
2024-08-21,24093726925.8605
2024-08-22,25367103401.0561
2024-08-23,25112465760.7142
2024-08-24,26926876962.9943
2024-08-25,27208308929.7001
2024-08-26,27427753028.6721
2024-08-27,26232077067.3078
2024-08-28,24450297363.5567
2024-08-29,24178407793.3973
2024-08-30,24419348540.9791
2024-08-31,24217406330.6629
2024-09-01,24155042983.0776
2024-09-02,23581243749.6921
2024-09-03,24357003691.4746
2024-09-04,24306478284.3362
2024-09-05,23890133761.6441
2024-09-06,23795092238.0084
2024-09-07,23513044053.483
2024-09-08,23436105477.9453
2024-09-09,23833154611.5921
2024-09-10,24842139406.8871
2024-09-11,25019919424.7972
2024-09-12,23449417217.0882
2024-09-13,24886797781.7338
2024-09-14,26134781811.0497
2024-09-15,26138400044.8323
2024-09-16,25360552932.6163
2024-09-17,25374496754.5938
2024-09-18,25592177476.2711
2024-09-19,26497475035.7254
2024-09-20,28142778347.1448
2024-09-21,27788912455.5638
2024-09-22,28051597713.3536
2024-09-23,27652408661.2867
2024-09-24,28023372607.8482
2024-09-25,28952864927.4167
2024-09-26,28402695577.1081
2024-09-27,29203756314.4067
2024-09-28,28953992395.2387
2024-09-29,28882713591.458
2024-09-30,28882713591.458
2024-10-01,28261224830.8448
2024-10-02,27000208358.0971
2024-10-03,26255809168.8099
2024-10-04,26613781808.0725
2024-10-05,26988491802.4048
2024-10-06,26940911886.8719
2024-10-07,26940911886.8719
2024-10-08,27188405387.9157
2024-10-09,27294565798.6212
2024-10-10,27306812546.6279
2024-10-11,27146198706.4241
2024-10-12,28498100452.2462
2024-10-13,29161644866.4629
2024-10-14,28462126512.0262
2024-10-15,30515232325.4974
2024-10-16,29907186576.441
2024-10-17,29907186576.441
2024-10-18,30242124205.7523
2024-10-19,31746181128.4395
2024-10-20,31793951922.7539
2024-10-21,32234562657.0942
2024-10-22,31579386313.137
2024-10-23,31719621365.7488
2024-10-24,31719621365.7488
2024-10-25,31719621365.7488
2024-10-26,30201891219.278
2024-10-27,30560719313.9917
2024-10-28,31386607617.4181
2024-10-29,33561532706.2441
2024-10-30,35187082495.9499
2024-10-31,35118295488.6093
2024-11-01,33958494813.0801
2024-11-02,32309836775.1492
2024-11-03,32326978450.0326
2024-11-04,31632579219.1891
2024-11-05,31429911108.2913
2024-11-06,31930915281.4429
2024-11-07,36756888118.25
2024-11-08,37011733447.7042
2024-11-09,37333718259.2566
2024-11-10,37205764829.0058
2024-11-11,38140724248.5463
2024-11-12,41348836290.0921
2024-11-13,40729136793.3596
2024-11-14,41179378768.5704
2024-11-15,41470776693.6859
2024-11-16,42132300111.6303
2024-11-17,42256294596.3193
2024-11-18,42388943961.073
2024-11-19,43186863721.2737
2024-11-20,44341945382.5655
2024-11-21,45938197754.0493
2024-11-22,48006553052.0248
2024-11-23,48181325072.5174
2024-11-24,48175476207.7969
2024-11-25,47788050899.0039
2024-11-26,47313716656.506
2024-11-27,45747089641.0671
2024-11-28,47175182416.0982
2024-11-29,46806983060.0767
2024-11-30,47483982666.1645
2024-12-01,46875310219.5767
2024-12-02,47315759242.2075
2024-12-03,46704116388.8684
2024-12-04,46838404281.1336
2024-12-05,49286820008.7556
2024-12-06,47940085736.2618
2024-12-07,48492651061.9682
2024-12-08,49175975691.7965
2024-12-09,49329366120.6061
2024-12-10,47080137163.7474
2024-12-11,45731036376.40359
2024-12-12,49173188689.7634
2024-12-13,49700382764.9602
2024-12-14,49919906167.3804
2024-12-15,50428755659.6043
2024-12-16,52994469592.5542
2024-12-17,53177287386.5
2024-12-18,54237595619.8238
2024-12-19,53976741360.2551
2024-12-20,52009181389.5485
2024-12-21,50253816320.3421
2024-12-22,49456612730.6712
2024-12-23,50345856170.952
2024-12-24,51650809268.9319
2024-12-25,50587858434.1139
2024-12-26,51025953133.7958
2024-12-27,52624531005.1441
2024-12-28,51837932163.9102
2024-12-29,51796925314.9877
2024-12-30,51674048140.9735
2024-12-31,51347422520.8207
2025-01-01,50277852527.3558
2025-01-02,52220512469.2719
2025-01-03,51286427755.0198
2025-01-04,50310670676.1027
2025-01-05,48501516250.2291
2025-01-06,47865523886.7302
2025-01-07,49359042727.2913
2025-01-08,46011851276.2462
2025-01-09,44914422865.1344
2025-01-10,43611162478.3985
2025-01-11,44291461663.8507
2025-01-12,44242820986.5979
2025-01-13,44432039505.4103
2025-01-14,43748376542.4085
2025-01-15,44702204589.7586
2025-01-16,46639890274.0802
2025-01-17,46193528005.8143
2025-01-18,46193528005.8143
2025-01-19,48373907877.6743
2025-01-20,46475842268.5491
2025-01-21,47336082005.7755
2025-01-22,49413578023.4676
2025-01-23,47671346148.8327
2025-01-24,47124090000.8206
2025-01-25,47400949084.1545
2025-01-26,46870956010.1221
2025-01-27,46447990569.3169
2025-01-28,46541814193.3253
2025-01-29,45761604571.3554
2025-01-30,47006987737.597
2025-01-31,47781411546.0121
2025-02-01,47758369621.8956
2025-02-02,47170581350.96
2025-02-03,45781732580.8728
2025-02-04,45215981345.3604
2025-02-05,42452509474.4053
2025-02-06,43038167353.0817
2025-02-07,42846481932.3527
2025-02-08,42657954441.5257
2025-02-09,43007500283.4688
2025-02-10,42725655086.2745
2025-02-11,43902320811.1776
2025-02-12,44932815233.2906
2025-02-13,45053746067.7903
2025-02-14,44744803450.0501
2025-02-15,44718015776.8027
2025-02-16,44674779742.9479
2025-02-17,44436538433.7913
2025-02-18,45125852900.1921
2025-02-19,45964153167.8435
2025-02-20,45483812811.5975
2025-02-21,48181328419.2577
2025-02-22,43147595170.4757
2025-02-23,42582561669.2772
2025-02-24,42856294213.2018
2025-02-25,44269221717.2211
2025-02-26,42423727788.8571
2025-02-27,39787743774.827
2025-02-28,39676697746.0144
2025-03-01,37807037023.6232
2025-03-02,38146192212.3514
2025-03-03,41024884104.2769
2025-03-04,36428414273.6201
2025-03-05,35339235564.6048
2025-03-06,37361838727.872
2025-03-07,36568164911.3095
2025-03-08,36315947738.7122
2025-03-09,36166080901.0908
2025-03-10,35731000521.1349
2025-03-11,34754568594.8638
2025-03-12,35210279203.664
2025-03-13,35424929313.4317
2025-03-14,35777178534.5345
2025-03-15,37308511559.6135
2025-03-16,37233621715.6494
2025-03-17,35595207319.592
2025-03-18,36541306007.7965
2025-03-19,36391082181.0714
2025-03-20,38705813389.9907
2025-03-21,36311869119.0979
2025-03-22,36257220362.1046
2025-03-23,36035035196.4619
2025-03-24,37970618016.1517
2025-03-25,40013052042.6224
2025-03-26,39593106587.6771
2025-03-27,38327232708.0227
2025-03-28,38426903557.4669
2025-03-29,38223214964.049
2025-03-30,36739071987.5186
2025-03-31,35743213134.3868
2025-04-01,35123104976.4448
2025-04-02,37142912492.4882
2025-04-03,34642614381.2161
2025-04-04,34853678283.0157
2025-04-05,35475587145.7175
2025-04-06,34761785650.5354
2025-04-07,35287618825.1446
2025-04-08,33651378687.9804
2025-04-09,33959821831.3268
2025-04-10,36015578168.5332
2025-04-11,33876609716.4783
2025-04-12,36819092964.3645
2025-04-13,38437796989.5876
2025-04-14,36407533534.8049
2025-04-15,36383736204.0512
2025-04-16,36434408608.0551
2025-04-17,36311161087.968
2025-04-18,36907561146.4178
2025-04-19,36347711155.9263
2025-04-20,37420581912.4659
2025-04-21,37484445900.064
2025-04-22,39607406527.3627
2025-04-23,44055902969.3558
2025-04-24,42253482507.8106
2025-04-25,42704699135.2008
2025-04-26,43824371709.62
2025-04-27,42658478592.4216
2025-04-28,41943334001.2963
2025-04-29,42008683564.6752
2025-04-30,41881421162.1058
2025-05-01,41216034964.4891
2025-05-02,44776994227.6952
2025-05-03,44120128637.5816
2025-05-04,42810629439.0129
2025-05-05,42187067802.3837
2025-05-06,41643574555.4324
2025-05-07,43420271242.4336
2025-05-08,42635959713.2153
2025-05-09,43820782825.5178
2025-05-10,42706988021.0995
2025-05-11,43643013509.4873
2025-05-12,44297015271.4221
2025-05-13,44122313968.0312
2025-05-14,44716171264.1388
2025-05-15,44088561026.7943
2025-05-16,43957968896.2717
2025-05-17,43681727676.0497
2025-05-18,42841447327.6831
2025-05-19,45005544997.3946
2025-05-20,45665292244.7801
2025-05-21,46669716283.634
2025-05-22,48325034217.0049
2025-05-23,50612881771.6947
2025-05-24,47660258191.1025
2025-05-25,48720745067.3168
2025-05-26,49532411294.8565
2025-05-27,49885501131.0233
2025-05-28,49828253090.0258
2025-05-29,50530564673.0475
2025-05-30,49960679789.2918
2025-05-31,47912691401.6003
2025-06-01,48235598814.3987
2025-06-02,48190506198.9785
2025-06-03,47615699113.5596
2025-06-04,47687081983.8612
2025-06-05,46966732400.8702
2025-06-06,47031243533.0843
2025-06-07,47453521599.3665
2025-06-08,48137738405.8293
2025-06-09,48118217756.2517
2025-06-10,50340649087.9483
2025-06-11,49229931902.5779
2025-06-12,48514260119.6146
2025-06-13,46956054513.1548
2025-06-14,45816731425.7217
2025-06-15,45585802720.822
2025-06-16,45709929209.512
2025-06-17,46796064342.2433
2025-06-18,45960462214.706
2025-06-19,45464413590.8313
2025-06-20,45698282304.8006
2025-06-21,45865185356.2008
2025-06-22,45134843061.9475
2025-06-23,44288622827.9455
2025-06-24,44062870672.1466
2025-06-25,45195328094.5524
2025-06-26,46846955686.9686
2025-06-27,46307085658.4094
2025-06-28,44581179114.8783
2025-06-29,45239305714.6011
2025-06-30,46688582159.0354
2025-07-01,45508835546.464
2025-07-02,44434414468.1649
2025-07-03,48600048108.5782
2025-07-04,49967175468.7193
2025-07-05,47901345067.3062
2025-07-06,47781675591.1835
2025-07-07,48126107736.7573
2025-07-08,48126107736.7573
2025-07-09,47550462463.5559
2025-07-10,51249155030.2063
2025-07-11,52546429537.8954
2025-07-12,54146442479.5283
2025-07-13,53880166346.8527
2025-07-14,55783800496.94061
2025-07-15,57888492141.0763
2025-07-16,57520612307.0632
2025-07-17,57451756976.5859
2025-07-18,57150236367.398
2025-07-19,57099727293.3733
2025-07-20,56538598615.6607
2025-07-21,56982895404.1
2025-07-22,56982895404.1
2025-07-23,56982895404.1
2025-07-24,57652801218.7727
2025-07-25,57762335409.0483
2025-07-26,56058314227.7023
2025-07-27,55719983157.6102
2025-07-28,58237754877.4366
2025-07-29,56981722297.6708
2025-07-30,58139586356.3742
2025-07-31,57453259638.619
2025-08-01,57033279090.2749
2025-08-02,57722982017.8117
2025-08-03,56881667909.7934
2025-08-04,55940398565.02
2025-08-05,54887886108.4227
2025-08-06,54866337254.5508
2025-08-07,54566233785.5849
2025-08-08,54146866232.6983
2025-08-09,54224390032.8501
2025-08-10,55865433639.2966
2025-08-11,55065595175.2456
2025-08-12,56153233933.5482
2025-08-13,56761090656.6155
2025-08-14,57355621490.8441
2025-08-15,58648214345.0711
2025-08-16,61504124341.8115
2025-08-17,59143467654.8968
2025-08-18,58100731122.0652
2025-08-19,57742258469.1149
2025-08-20,57861115452.46581
2025-08-21,56937622972.7859
2025-08-22,55912507268.5361
2025-08-23,56160706463.7916
2025-08-24,56541518766.0619
2025-08-25,57997807679.2805
2025-08-26,59080414423.8679
2025-08-27,59439506052.7448
2025-08-28,56955631262.6866
2025-08-29,57288500055.5874
2025-08-30,56661801893.3313
2025-08-31,56661801893.3313
2025-09-01,55950125390.7972
2025-09-02,56377256594.3519
2025-09-03,56019206276.129
2025-09-04,55683334746.4139
2025-09-05,57551766433.8337
2025-09-06,57543547379.97
2025-09-07,55749193352.40421
2025-09-08,55888013183.337
2025-09-09,56410660742.6854
2025-09-10,56190956803.77361
2025-09-11,57623986786.5865
2025-09-12,58425752318.2021
2025-09-13,59205753330.3754
2025-09-14,60604208480.962
2025-09-15,60571232418.337
2025-09-16,59131577091.4731
2025-09-17,58386689180.7976
2025-09-18,57380587796.8368
2025-09-19,58942836233.8296
2025-09-20,57486517104.6028
2025-09-21,59430398800.16019
2025-09-22,58846136132.1089
2025-09-23,58773893223.8179
2025-09-24,58447632396.0897
2025-09-25,57548751835.0952
2025-09-26,56836691874.7414
2025-09-27,56670191570.8105
2025-09-28,54792885152.6739
2025-09-29,54644015234.4239
2025-09-30,54374212741.3424
2025-10-01,55271449333.3552
2025-10-02,57386250316.2586
2025-10-03,55884909259.557
2025-10-04,59474665292.0831
2025-10-05,60934574457.8217
2025-10-06,60859736487.4016
2025-10-07,61006799889.6979
2025-10-08,62975486875.7525
2025-10-09,63973595289.6391
2025-10-10,61235981280.626
2025-10-11,61065616848.7153
2025-10-12,61064587814.8089
2025-10-13,47007647499.8438
2025-10-14,46021399412.415
2025-10-15,48528731588.3763
2025-10-16,48504817728.0135
2025-10-17,47815469323.2255
2025-10-18,47119471558.3051
2025-10-19,47602406443.785
2025-10-20,44202472304.7853
2025-10-21,43480675396.7762
2025-10-22,43685298364.7504
2025-10-23,45436292686.1966
2025-10-24,43781205110.537
2025-10-25,42134801146.2824
2025-10-26,43356642496.2388
2025-10-27,44121175662.4563
2025-10-28,44970655765.7093
2025-10-29,46765178131.0497
2025-10-30,46737382119.7399
2025-10-31,45353957519.1731
2025-11-01,45482055530.4077
2025-11-02,45359295123.079
2025-11-03,44132324183.2767
2025-11-04,44089942854.0543
2025-11-05,44026356890.2962
2025-11-06,43510509105.5197
2025-11-07,43291150714.5643
2025-11-08,47591437845.3249
2025-11-09,42913202239.4228
2025-11-10,43449573394.8641
2025-11-11,41353549031.8577
2025-11-12,41129871896.0472
2025-11-13,41129871896.0472
2025-11-14,41440606083.1855
2025-11-15,41543515788.7707
2025-11-16,42120191815.3532
2025-11-17,41059645842.3486
2025-11-18,41356503239.234
2025-11-19,40938645569.6899
2025-11-20,42086621153.0607
2025-11-21,40738639370.7665
2025-11-22,41129424821.7896
2025-11-23,40570337831.7106
2025-11-24,37892543189.8391
2025-11-25,37910724213.5123
2025-11-26,38150626001.8107
2025-11-27,38128571175.971
2025-11-28,38128571175.971
2025-11-29,38178286033.736
2025-11-30,38594185124.7129
2025-12-01,37614753136.924
2025-12-02,37406218981.378
2025-12-03,37211187073.3882
2025-12-04,35805952525.7262
2025-12-05,37381371019.2866
2025-12-06,37739998175.07
2025-12-07,37584240202.5464
2025-12-08,36211307738.0043
2025-12-09,36098051271.8197
2025-12-10,36070557496.3402
2025-12-11,36208194972.4869
2025-12-12,36707331092.7348
2025-12-13,36078378057.6834
2025-12-14,36787307936.3824
2025-12-15,36145912433.7204
2025-12-16,36349415029.5002
2025-12-17,36634629166.7703
2025-12-18,37261567432.0454
2025-12-19,36284300458.0203
2025-12-20,35500173048.4252
2025-12-21,35553190719.2209
2025-12-22,36384747749.6366
2025-12-23,36331598215.8729
2025-12-24,36228974108.1605
2025-12-25,36519910030.0776
2025-12-26,36633401384.1869
2025-12-27,36362856834.2373
2025-12-28,35986670900.9672
2025-12-29,35744336565.0743
2025-12-30,35962364836.8476
2025-12-31,36431268009.3329
2026-01-01,36566861452.8231
2026-01-02,36751984061.0503
2026-01-03,37103131654.1627
2026-01-04,37109078634.94
2026-01-05,37920963439.3826
2026-01-06,38320884777.7194
2026-01-07,38836854652.8544
2026-01-08,39881707495.1398
2026-01-09,38461290785.0548
2026-01-10,39324456301.2014
2026-01-11,39166547484.3764
2026-01-12,38304702856.0329
2026-01-13,38044071473.1609
2026-01-14,38353186585.4866
2026-01-15,37264778903.3932
2026-01-16,39969114390.4414
2026-01-17,40927971142.2265
2026-01-18,39036854151.2677
2026-01-19,38692848729.7575
2026-01-20,38594142814.9097
2026-01-21,37954225392.1906
2026-01-22,37385412319.375
2026-01-23,37793589079.0733
2026-01-24,36948930092.3817
2026-01-25,36968638806.32
2026-01-26,36132197884.006
2026-01-27,36653803125.9346
2026-01-28,36788909894.8287
2026-01-29,36832919141.0657
2026-01-30,37523022303.9805
2026-01-31,37463151517.2406
2026-02-01,38300227095.5431
2026-02-02,36139433061.9314
2026-02-03,32755280914.6072
2026-02-04,32755280914.6072
2026-02-05,31711074907.7881
2026-02-06,31711074907.7881
2026-02-07,31140919648.4399
2026-02-08,31803274579.8212
2026-02-09,29580620988.7582
2026-02-10,28590760572.7184
2026-02-11,28674009980.8317
2026-02-12,28633612916.6257
2026-02-13,28159584399.0659
2026-02-14,28018850776.6219
2026-02-15,28110159637.6136
2026-02-16,28449031782.3264
2026-02-17,28609093932.6257
2026-02-18,28003952273.7889
2026-02-19,27654639466.0264
2026-02-20,27778803087.3509
2026-02-21,28063184208.1106
2026-02-22,28012056123.841
2026-02-23,28284720392.9168
2026-02-24,28414174545.5094
2026-02-25,28047896380.3685
2026-02-26,27395822087.2309
2026-02-27,27374031124.4121
2026-02-28,28361497820.3564
2026-03-01,27956856959.6573
2026-03-02,27567132503.5703
2026-03-03,26869322200.9547
2026-03-04,26706815692.5809
2026-03-05,28531182274.8788
2026-03-06,27319446573.6365
2026-03-07,31591338499.5765
2026-03-08,29258742860.7725
2026-03-09,28658287630.8877
2026-03-10,28474898409.9664
2026-03-11,28215216139.5559
2026-03-12,28010084438.7759
2026-03-13,28631876267.5192
2026-03-14,28862019621.9591
2026-03-15,29158215995.7976
2026-03-16,28594483931.3769
2026-03-17,28736858853.5945
2026-03-18,29242574375.2158
2026-03-19,30905642359.7899
2026-03-20,30457872505.0117
2026-03-21,29286781345.7598
2026-03-22,29059943846.9616
2026-03-23,28787827973.7137
2026-03-24,28276061140.7488
2026-03-25,28093896535.5644
2026-03-26,28001693851.1054
2026-03-27,28702134131.1495
2026-03-28,29688530361.944
2026-03-29,30156409488.4015
2026-03-30,30362326767.7321
2026-03-31,30050167601.004
2026-04-01,29678614267.8427
2026-04-02,29197216692.6225
2026-04-03,29066100604.2583
2026-04-04,29400380174.9208
2026-04-05,28655060077.3932
2026-04-06,28677019375.1056
2026-04-07,30787703795.8584
2026-04-08,29921347929.3651
2026-04-09,29776990985.1819
2026-04-10,30513918878.6784
2026-04-11,30573154033.2857
2026-04-12,31306173544.7639
2026-04-13,32972568191.8351
2026-04-14,33009743790.4562
2026-04-15,30607012200.2374
2026-04-16,33166812752.1491
2026-04-17,34258504507.2165
2026-04-18,34029264284.3613
2026-04-19,33820240034.9278
2026-04-20,36978663271.963
2026-04-21,34190427337.0125
2026-04-22,32734476927.8281
2026-04-23,33654430232.5542
2026-04-24,33819926968.2166
2026-04-25,37256612727.738
2026-04-26,35649893413.4772
2026-04-27,34340251364.4946
2026-04-28,34168696646.3949
2026-04-29,34783905924.9869
2026-04-30,34551166205.0374
2026-05-01,34078125778.8475
2026-05-02,33396788498.065
2026-05-03,33471791042.8087
2026-05-04,35919745098.6499
2026-05-05,35919047478.2875
2026-05-06,36326586043.4269
2026-05-07,37160763624.2826
2026-05-08,39182273918.6475
2026-05-09,37731062457.6363
2026-05-10,36403443075.7787
2026-05-11,36043069103.0745
2026-05-12,36294954278.0055
2026-05-13,36826675688.0719
2026-05-14,36602907579.0293
2026-05-15,36474817502.5112
2026-05-16,36744293868.4832
2026-05-17,37446252002.9322
2026-05-18,35690579054.143
2026-05-19,35683105045.7807
2026-05-20,34781417275.4689
2026-05-21,35122698498.2215
2026-05-22,34847552964.994
2026-05-23,34765794884.8584
2026-05-24,34324923655.679
2026-05-25,34938188902.5708
2026-05-26,34711360689.7281
2026-05-27,34178982745.7913
2026-05-28,34623672618.3673
2026-05-29,33932948757.9572
2026-05-30,34872661287.4469
2026-05-31,35366056779.9172
2026-06-01,34200841433.2163
2026-06-02,34649220049.2859
2026-06-03,34492007278.5663
2026-06-04,34206186333.5383
2026-06-05,32636895021.9553
2026-06-06,31405954829.7165
2026-06-07,30089956187.1817
2026-06-08,28857436097.7948
2026-06-09,28469232727.7328
2026-06-10,28502833845.3838
2026-06-11,28364245459.8517
2026-06-12,28147895842.954
2026-06-13,28123205746.2912
2026-06-14,29142345940.989
2026-06-15,28679527190.6413
2026-06-16,29764675325.9891
2026-06-17,30355973964.1775
2026-06-18,30524459626.9137
2026-06-19,30029100660.279
2026-06-20,28878108100.9478
2026-06-21,28786474100.4998
2026-06-22,29044824341.5675
2026-06-23,29094660312.2935
2026-06-24,28909580813.9438
2026-06-25,28916264159.7122
2026-06-26,28555961858.7361
2026-06-27,28681701330.5479
2026-06-28,28500771826.1023
2026-06-29,27413758859.7835
2026-06-30,27393223456.1716
2026-07-01,27415035551.0483
2026-07-02,27552748179.5679
2026-07-03,28801885621.6328
2026-07-04,28801885621.6328
2026-07-05,28801885621.6328
2026-07-06,28801885621.6328
2026-07-07,29848214428.9243
2026-07-08,29921259827.4283
2026-07-09,29216127188.2312
2026-07-10,28638217569.6043
2026-07-11,28575716434.447
2026-07-12,28916968893.8403
2026-07-13,29834738654.3597
2026-07-14,29548955124.7856
2026-07-15,29291113605.5627
2026-07-16,30043809918.4999
2026-07-17,28978066647.3586
2026-07-18,30121600077.8397
2026-07-19,29503393346.4462
2026-07-20,29282743009.3608
2026-07-21,29687179226.8154
2026-07-22,29475770532.161
2026-07-23,29845820654.0922
2026-07-24,31485581585.3304
