date,global_liquidity_t
2002-12-18,0.719542
2002-12-25,0.732059
2003-01-01,0.730994
2003-01-08,0.723762
2003-01-15,0.720074
2003-01-22,0.735953
2003-01-29,0.712809
2003-02-05,0.719643
2003-02-12,0.713281
2003-02-19,0.7304
2003-02-26,0.72198
2003-03-05,0.722649
2003-03-12,0.717014
2003-03-19,0.729923
2003-03-26,0.725019
2003-04-02,0.732452
2003-04-09,0.727826
2003-04-16,0.745838
2003-04-23,0.732222
2003-04-30,0.746294
2003-05-07,0.733466
2003-05-14,0.740371
2003-05-21,0.734699
2003-05-28,0.744896
2003-06-04,0.731667
2003-06-11,0.743236
2003-06-18,0.735926
2003-06-25,0.744018
2003-07-02,0.740126
2003-07-09,0.74443
2003-07-16,0.737765
2003-07-23,0.745665
2003-07-30,0.740295
2003-08-06,0.734018
2003-08-13,0.735386
2003-08-20,0.750825
2003-08-27,0.740637
2003-09-03,0.750461
2003-09-10,0.737234
2003-09-17,0.743939
2003-09-24,0.741193
2003-10-01,0.753155
2003-10-08,0.737108
2003-10-15,0.754229
2003-10-22,0.743578
2003-10-29,0.747272
2003-11-05,0.744116
2003-11-12,0.745604
2003-11-19,0.744521
2003-11-26,0.756964
2003-12-03,0.749981
2003-12-10,0.756585
2003-12-17,0.753919
2003-12-24,0.767012
2003-12-31,0.771551
2004-01-07,0.755829
2004-01-14,0.752812
2004-01-21,0.775833
2004-01-28,0.755279
2004-02-04,0.754153
2004-02-11,0.750999
2004-02-18,0.758759
2004-02-25,0.750666
2004-03-03,0.754867
2004-03-10,0.74995
2004-03-17,0.760638
2004-03-24,0.75151
2004-03-31,0.760725
2004-04-07,0.754083
2004-04-14,0.763734
2004-04-21,0.757984
2004-04-28,0.772927
2004-05-05,0.758838
2004-05-12,0.764835
2004-05-19,0.756874
2004-05-26,0.771108
2004-06-02,0.76409
2004-06-09,0.772187
2004-06-16,0.761834
2004-06-23,0.775261
2004-06-30,0.779578
2004-07-07,0.778163
2004-07-14,0.775536
2004-07-21,0.776764
2004-07-28,0.773916
2004-08-04,0.772085
2004-08-11,0.769265
2004-08-18,0.767595
2004-08-25,0.775437
2004-09-01,0.785273
2004-09-08,0.788602
2004-09-15,0.789128
2004-09-22,0.782124
2004-09-29,0.78633
2004-10-06,0.781777
2004-10-13,0.795483
2004-10-20,0.784954
2004-10-27,0.791336
2004-11-03,0.790552
2004-11-10,0.800473
2004-11-17,0.79409
2004-11-24,0.809956
2004-12-01,0.807063
2004-12-08,0.808495
2004-12-15,0.807028
2004-12-22,0.811333
2004-12-29,0.810944
2005-01-05,0.815702
2005-01-12,0.798455
2005-01-19,0.80696
2005-01-26,0.807262
2005-02-02,0.804746
2005-02-09,0.797299
2005-02-16,0.795606
2005-02-23,0.804576
2005-03-02,0.801252
2005-03-09,0.79925
2005-03-16,0.807211
2005-03-23,0.797094
2005-03-30,0.807551
2005-04-06,0.797327
2005-04-13,0.805707
2005-04-20,0.801793
2005-04-27,0.809797
2005-05-04,0.802412
2005-05-11,0.808378
2005-05-18,0.801546
2005-05-25,0.81016
2005-06-01,0.817335
2005-06-08,0.814172
2005-06-15,0.811198
2005-06-22,0.810429
2005-06-29,0.810082
2005-07-06,0.821556
2005-07-13,0.808861
2005-07-20,0.816804
2005-07-27,0.814259
2005-08-03,0.818841
2005-08-10,0.808544
2005-08-17,0.813774
2005-08-24,0.811313
2005-08-31,0.823237
2005-09-07,0.8225
2005-09-14,0.82359
2005-09-21,0.812926
2005-09-28,0.823771
2005-10-05,0.817137
2005-10-12,0.826306
2005-10-19,0.814281
2005-10-26,0.819105
2005-11-02,0.814571
2005-11-09,0.824991
2005-11-16,0.823263
2005-11-23,0.833124
2005-11-30,0.835059
2005-12-07,0.83325
2005-12-14,0.83095
2005-12-21,0.848317
2005-12-28,0.8477
2006-01-04,0.851856
2006-01-11,0.829357
2006-01-18,0.836042
2006-01-25,0.828901
2006-02-01,0.831808
2006-02-08,0.827613
2006-02-15,0.83524
2006-02-22,0.840555
2006-03-01,0.839356
2006-03-08,0.839234
2006-03-15,0.84301
2006-03-22,0.838003
2006-03-29,0.833675
2006-04-05,0.834589
2006-04-12,0.836862
2006-04-19,0.836352
2006-04-26,0.844572
2006-05-03,0.843867
2006-05-10,0.838405
2006-05-17,0.838153
2006-05-24,0.840251
2006-05-31,0.85158
2006-06-07,0.849074
2006-06-14,0.845869
2006-06-21,0.844773
2006-06-28,0.844436
2006-07-05,0.851659
2006-07-12,0.844391
2006-07-19,0.849894
2006-07-26,0.841552
2006-08-02,0.850263
2006-08-09,0.840006
2006-08-16,0.842876
2006-08-23,0.837987
2006-08-30,0.850925
2006-09-06,0.848594
2006-09-13,0.840886
2006-09-20,0.838192
2006-09-27,0.849971
2006-10-04,0.842296
2006-10-11,0.859339
2006-10-18,0.8442
2006-10-25,0.852648
2006-11-01,0.855536
2006-11-08,0.85863
2006-11-15,0.855551
2006-11-22,0.865126
2006-11-29,0.856671
2006-12-06,0.862178
2006-12-13,0.853851
2006-12-20,0.86501
2006-12-27,0.869988
2007-01-03,0.874626
2007-01-10,0.854819
2007-01-17,0.859363
2007-01-24,0.851755
2007-01-31,0.86573
2007-02-07,0.855057
2007-02-14,0.867199
2007-02-21,0.869235
2007-02-28,0.877409
2007-03-07,0.864505
2007-03-14,0.876108
2007-03-21,0.863067
2007-03-28,0.869803
2007-04-04,0.862319
2007-04-11,0.865441
2007-04-18,0.861335
2007-04-25,0.879686
2007-05-02,0.890857
2007-05-09,0.87527
2007-05-16,0.859559
2007-05-23,0.873935
2007-05-30,0.876986
2007-06-06,0.872706
2007-06-13,0.864989
2007-06-20,0.866089
2007-06-27,0.865105
2007-07-04,0.876611
2007-07-11,0.869407
2007-07-18,0.872916
2007-07-25,0.86389
2007-08-01,0.870261
2007-08-08,0.865453
2007-08-15,0.864931
2007-08-22,0.862775
2007-08-29,0.872873
2007-09-05,0.871156
2007-09-12,0.886314
2007-09-19,0.867732
2007-09-26,0.8899
2007-10-03,0.869051
2007-10-10,0.886363
2007-10-17,0.869509
2007-10-24,0.881395
2007-10-31,0.883385
2007-11-07,0.885724
2007-11-14,0.889537
2007-11-21,0.891028
2007-11-28,0.879417
2007-12-05,0.882764
2007-12-12,0.88175
2007-12-19,0.887983
2007-12-26,0.890662
2008-01-02,0.922187
2008-01-09,0.880754
2008-01-16,0.893581
2008-01-23,0.877253
2008-01-30,0.900264
2008-02-06,0.871022
2008-02-13,0.883005
2008-02-20,0.878949
2008-02-27,0.893825
2008-03-05,0.881208
2008-03-12,0.896565
2008-03-19,0.888646
2008-03-26,0.893965
2008-04-02,0.883708
2008-04-09,0.893029
2008-04-16,0.881904
2008-04-23,0.885781
2008-04-30,0.888131
2008-05-07,0.889228
2008-05-14,0.880175
2008-05-21,0.898487
2008-05-28,0.904054
2008-06-04,0.895939
2008-06-11,0.89061
2008-06-18,0.902304
2008-06-25,0.892713
2008-07-02,0.902962
2008-07-09,0.898034
2008-07-16,0.910681
2008-07-23,0.899665
2008-07-30,0.918625
2008-08-06,0.90171
2008-08-13,0.914632
2008-08-20,0.898611
2008-08-27,0.909982
2008-09-03,0.905253
2008-09-10,0.925725
2008-09-17,0.995093
2008-09-24,1.211825
2008-10-01,1.503989
2008-10-08,1.591587
2008-10-15,1.770809
2008-10-22,1.802602
2008-10-29,1.969086
2008-11-05,2.074205
2008-11-12,2.212852
2008-11-19,2.187137
2008-11-26,2.106117
2008-12-03,2.136924
2008-12-10,2.250012
2008-12-17,2.254983
2008-12-24,2.232311
2008-12-31,2.239457
2009-01-07,2.121439
2009-01-14,2.049714
2009-01-21,2.037112
2009-01-28,1.927082
2009-02-04,1.851437
2009-02-11,1.8434
2009-02-18,1.915562
2009-02-25,1.916115
2009-03-04,1.901317
2009-03-11,1.899514
2009-03-18,2.066942
2009-03-25,2.071556
2009-04-01,2.078936
2009-04-08,2.088573
2009-04-15,2.186498
2009-04-22,2.196812
2009-04-29,2.066712
2009-05-06,2.079758
2009-05-13,2.196351
2009-05-20,2.181632
2009-05-27,2.080115
2009-06-03,2.077695
2009-06-10,2.052297
2009-06-17,2.072527
2009-06-24,2.025571
2009-07-01,2.005627
2009-07-08,1.99274
2009-07-15,2.072451
2009-07-22,2.039001
2009-07-29,2.000547
2009-08-05,1.989203
2009-08-12,2.014899
2009-08-19,2.060641
2009-08-26,2.074902
2009-09-02,2.08372
2009-09-09,2.087946
2009-09-16,2.139783
2009-09-23,2.158631
2009-09-30,2.14102
2009-10-07,2.138086
2009-10-14,2.192787
2009-10-21,2.201119
2009-10-28,2.161537
2009-11-04,2.165067
2009-11-11,2.135035
2009-11-18,2.208721
2009-11-25,2.206359
2009-12-02,2.204074
2009-12-09,2.186383
2009-12-16,2.235763
2009-12-23,2.235803
2009-12-30,2.234067
2010-01-06,2.235304
2010-01-13,2.2917
2010-01-20,2.251806
2010-01-27,2.246886
2010-02-03,2.249319
2010-02-10,2.256679
2010-02-17,2.277574
2010-02-24,2.286127
2010-03-03,2.280147
2010-03-10,2.282474
2010-03-17,2.307997
2010-03-24,2.313149
2010-03-31,2.30715
2010-04-07,2.307575
2010-04-14,2.339345
2010-04-21,2.337556
2010-04-28,2.330472
2010-05-05,2.326164
2010-05-12,2.336103
2010-05-19,2.35089
2010-05-26,2.334041
2010-06-02,2.336216
2010-06-09,2.331529
2010-06-16,2.344316
2010-06-23,2.344497
2010-06-30,2.330851
2010-07-07,2.332017
2010-07-14,2.340717
2010-07-21,2.332322
2010-07-28,2.325298
2010-08-04,2.326479
2010-08-11,2.327533
2010-08-18,2.313662
2010-08-25,2.301015
2010-09-01,2.301996
2010-09-08,2.305802
2010-09-15,2.296079
2010-09-22,2.307171
2010-09-29,2.298691
2010-10-06,2.308092
2010-10-13,2.309885
2010-10-20,2.305227
2010-10-27,2.295392
2010-11-03,2.300353
2010-11-10,2.312768
2010-11-17,2.314757
2010-11-24,2.346001
2010-12-01,2.34692
2010-12-08,2.382294
2010-12-15,2.385754
2010-12-22,2.427921
2010-12-29,2.42057
2011-01-05,2.436064
2011-01-12,2.468131
2011-01-19,2.425164
2011-01-26,2.443527
2011-02-02,2.469419
2011-02-09,2.500481
2011-02-16,2.508868
2011-02-23,2.533221
2011-03-02,2.545119
2011-03-09,2.577076
2011-03-16,2.583046
2011-03-23,2.601341
2011-03-30,2.622523
2011-04-06,2.648676
2011-04-13,2.665408
2011-04-20,2.685782
2011-04-27,2.690985
2011-05-04,2.718757
2011-05-11,2.744498
2011-05-18,2.758009
2011-05-25,2.774996
2011-06-01,2.788723
2011-06-08,2.811206
2011-06-15,2.827549
2011-06-22,2.856403
2011-06-29,2.865251
2011-07-06,2.870103
2011-07-13,2.878074
2011-07-20,2.871301
2011-07-27,2.863576
2011-08-03,2.867215
2011-08-10,2.872423
2011-08-17,2.857906
2011-08-24,2.859433
2011-08-31,2.853888
2011-09-07,2.85866
2011-09-14,2.86354
2011-09-21,2.857747
2011-09-28,2.850921
2011-10-05,2.859701
2011-10-12,2.860822
2011-10-19,2.85239
2011-10-26,2.845685
2011-11-02,2.822034
2011-11-09,2.839786
2011-11-16,2.831576
2011-11-23,2.82198
2011-11-30,2.814235
2011-12-07,2.820691
2011-12-14,2.902488
2011-12-21,2.916085
2011-12-28,2.926095
2012-01-04,2.917689
2012-01-11,2.899149
2012-01-18,2.919423
2012-01-25,2.919545
2012-02-01,2.924947
2012-02-08,2.928275
2012-02-15,2.937893
2012-02-22,2.932813
2012-02-29,2.925722
2012-03-07,2.884747
2012-03-14,2.89356
2012-03-21,2.892646
2012-03-28,2.878137
2012-04-04,2.865478
2012-04-11,2.8672
2012-04-18,2.87547
2012-04-25,2.866561
2012-05-02,2.86428
2012-05-09,2.86415
2012-05-16,2.850984
2012-05-23,2.859495
2012-05-30,2.842654
2012-06-06,2.852018
2012-06-13,2.869071
2012-06-20,2.870846
2012-06-27,2.863547
2012-07-04,2.865858
2012-07-11,2.866279
2012-07-18,2.855807
2012-07-25,2.846757
2012-08-01,2.851118
2012-08-08,2.856181
2012-08-15,2.833317
2012-08-22,2.825661
2012-08-29,2.812806
2012-09-05,2.822169
2012-09-12,2.823448
2012-09-19,2.821574
2012-09-26,2.804457
2012-10-03,2.808512
2012-10-10,2.811623
2012-10-17,2.84692
2012-10-24,2.840964
2012-10-31,2.823137
2012-11-07,2.830791
2012-11-14,2.877244
2012-11-21,2.871161
2012-11-28,2.851362
2012-12-05,2.859807
2012-12-12,2.91726
2012-12-19,2.920231
2012-12-26,2.9073
2013-01-02,2.917189
2013-01-09,2.928728
2013-01-16,2.963812
2013-01-23,3.011697
2013-01-30,3.008704
2013-02-06,3.014975
2013-02-13,3.074225
2013-02-20,3.09515
2013-02-27,3.0906
2013-03-06,3.108805
2013-03-13,3.165396
2013-03-20,3.206888
2013-03-27,3.202256
2013-04-03,3.215432
2013-04-10,3.227762
2013-04-17,3.295109
2013-04-24,3.318649
2013-05-01,3.317194
2013-05-08,3.324615
2013-05-15,3.354269
2013-05-22,3.398713
2013-05-29,3.385128
2013-06-05,3.400183
2013-06-12,3.410842
2013-06-19,3.47053
2013-06-26,3.478672
2013-07-03,3.492742
2013-07-10,3.504095
2013-07-17,3.537861
2013-07-24,3.574574
2013-07-31,3.571797
2013-08-07,3.585359
2013-08-14,3.646323
2013-08-21,3.645668
2013-08-28,3.644456
2013-09-04,3.654182
2013-09-11,3.662035
2013-09-18,3.722192
2013-09-25,3.734018
2013-10-02,3.747387
2013-10-09,3.758663
2013-10-16,3.813599
2013-10-23,3.839033
2013-10-30,3.843396
2013-11-06,3.851623
2013-11-13,3.907424
2013-11-20,3.90662
2013-11-27,3.925876
2013-12-04,3.932626
2013-12-11,3.993955
2013-12-18,4.008062
2013-12-25,4.032575
2014-01-01,4.02364
2014-01-08,4.028185
2014-01-15,4.071528
2014-01-22,4.097914
2014-01-29,4.102138
2014-02-05,4.109285
2014-02-12,4.119474
2014-02-19,4.149224
2014-02-26,4.159972
2014-03-05,4.171762
2014-03-12,4.181361
2014-03-19,4.222081
2014-03-26,4.226971
2014-04-02,4.236441
2014-04-09,4.244188
2014-04-16,4.283967
2014-04-23,4.296339
2014-04-30,4.296049
2014-05-07,4.303143
2014-05-14,4.336649
2014-05-21,4.32756
2014-05-28,4.322654
2014-06-04,4.330917
2014-06-11,4.340904
2014-06-18,4.368168
2014-06-25,4.368348
2014-07-02,4.377031
2014-07-09,4.383401
2014-07-16,4.398201
2014-07-23,4.410746
2014-07-30,4.406637
2014-08-06,4.410111
2014-08-13,4.431923
2014-08-20,4.412924
2014-08-27,4.413736
2014-09-03,4.415587
2014-09-10,4.421408
2014-09-17,4.449588
2014-09-24,4.45905
2014-10-01,4.45026
2014-10-08,4.455403
2014-10-15,4.47436
2014-10-22,4.481616
2014-10-29,4.486754
2014-11-05,4.486585
2014-11-12,4.488895
2014-11-19,4.492759
2014-11-26,4.485931
2014-12-03,4.48619
2014-12-10,4.488865
2014-12-17,4.502247
2014-12-24,4.509462
2014-12-31,4.49766
2015-01-07,4.499524
2015-01-14,4.516077
2015-01-21,4.512936
2015-01-28,4.500064
2015-02-04,4.500348
2015-02-11,4.501685
2015-02-18,4.496851
2015-02-25,4.486725
2015-03-04,4.487583
2015-03-11,4.489279
2015-03-18,4.495888
2015-03-25,4.480603
2015-04-01,4.481799
2015-04-08,4.483419
2015-04-15,4.485366
2015-04-22,4.489695
2015-04-29,4.471499
2015-05-06,4.472703
2015-05-13,4.501188
2015-05-20,4.480384
2015-05-27,4.463981
2015-06-03,4.46536
2015-06-10,4.468005
2015-06-17,4.487817
2015-06-24,4.495055
2015-07-01,4.47913
2015-07-08,4.481289
2015-07-15,4.493605
2015-07-22,4.500503
2015-07-29,4.48548
2015-08-05,4.486329
2015-08-12,4.48925
2015-08-19,4.487208
2015-08-26,4.475105
2015-09-02,4.475886
2015-09-09,4.478213
2015-09-16,4.487809
2015-09-23,4.497484
2015-09-30,4.484111
2015-10-07,4.486185
2015-10-14,4.504704
2015-10-21,4.501372
2015-10-28,4.489339
2015-11-04,4.489702
2015-11-11,4.492012
2015-11-18,4.486721
2015-11-25,4.477088
2015-12-02,4.478069
2015-12-09,4.480436
2015-12-16,4.489593
2015-12-23,4.496523
2015-12-30,4.486587
2016-01-06,4.486606
2016-01-13,4.501695
2016-01-20,4.48884
2016-01-27,4.482349
2016-02-03,4.483495
2016-02-10,4.486278
2016-02-17,4.483629
2016-02-24,4.489796
2016-03-02,4.478485
2016-03-09,4.481083
2016-03-16,4.486333
2016-03-23,4.492857
2016-03-30,4.48284
2016-04-06,4.484069
2016-04-13,4.499729
2016-04-20,4.490131
2016-04-27,4.474665
2016-05-04,4.47727
2016-05-11,4.478411
2016-05-18,4.473741
2016-05-25,4.461111
2016-06-01,4.461393
2016-06-08,4.463542
2016-06-15,4.472817
2016-06-22,4.482009
2016-06-29,4.466482
2016-07-06,4.470605
2016-07-13,4.472202
2016-07-20,4.480973
2016-07-27,4.464498
2016-08-03,4.466793
2016-08-10,4.468929
2016-08-17,4.466476
2016-08-24,4.47384
2016-08-31,4.457907
2016-09-07,4.459394
2016-09-14,4.481635
2016-09-21,4.473032
2016-09-28,4.452002
2016-10-05,4.459407
2016-10-12,4.457698
2016-10-19,4.467382
2016-10-26,4.454326
2016-11-02,4.453087
2016-11-09,4.455087
2016-11-16,4.453633
2016-11-23,4.465782
2016-11-30,4.446307
2016-12-07,4.448618
2016-12-14,4.470973
2016-12-21,4.469089
2016-12-28,4.451451
2017-01-04,4.453101
2017-01-11,4.452509
2017-01-18,4.460758
2017-01-25,4.452838
2017-02-01,4.453881
2017-02-08,4.456236
2017-02-15,4.454676
2017-02-22,4.468702
2017-03-01,4.458018
2017-03-08,4.45984
2017-03-15,4.469577
2017-03-22,4.478236
2017-03-29,4.469618
2017-04-05,4.474634
2017-04-12,4.484492
2017-04-19,4.47927
2017-04-26,4.470142
2017-05-03,4.471246
2017-05-10,4.473459
2017-05-17,4.467108
2017-05-24,4.470852
2017-05-31,4.459914
2017-06-07,4.462443
2017-06-14,4.476269
2017-06-21,4.474257
2017-06-28,4.463347
2017-07-05,4.467272
2017-07-12,4.466702
2017-07-19,4.476903
2017-07-26,4.465284
2017-08-02,4.466846
2017-08-09,4.469083
2017-08-16,4.462871
2017-08-23,4.463837
2017-08-30,4.45236
2017-09-06,4.453474
2017-09-13,4.471174
2017-09-20,4.458576
2017-09-27,4.455661
2017-10-04,4.460422
2017-10-11,4.459415
2017-10-18,4.469723
2017-10-25,4.461117
2017-11-01,4.455887
2017-11-08,4.458552
2017-11-15,4.448289
2017-11-22,4.450615
2017-11-29,4.438592
2017-12-06,4.437148
2017-12-13,4.452726
2017-12-20,4.44747
2017-12-27,4.44868
2018-01-03,4.443718
2018-01-10,4.446062
2018-01-17,4.439145
2018-01-24,4.441317
2018-01-31,4.419225
2018-02-07,4.420745
2018-02-14,4.434863
2018-02-21,4.41166
2018-02-28,4.393401
2018-03-07,4.396097
2018-03-14,4.407258
2018-03-21,4.401222
2018-03-28,4.392198
2018-04-04,4.386104
2018-04-11,4.383684
2018-04-18,4.385903
2018-04-25,4.372886
2018-05-02,4.356129
2018-05-09,4.358207
2018-05-16,4.337609
2018-05-23,4.337301
2018-05-30,4.327519
2018-06-06,4.319191
2018-06-13,4.324906
2018-06-20,4.315896
2018-06-27,4.305491
2018-07-04,4.289764
2018-07-11,4.291201
2018-07-18,4.291615
2018-07-25,4.277681
2018-08-01,4.255653
2018-08-08,4.25803
2018-08-15,4.228924
2018-08-22,4.228818
2018-08-29,4.218914
2018-09-05,4.208496
2018-09-12,4.210812
2018-09-19,4.208059
2018-09-26,4.192909
2018-10-03,4.174704
2018-10-10,4.176906
2018-10-17,4.175446
2018-10-24,4.17307
2018-10-31,4.139731
2018-11-07,4.141936
2018-11-14,4.145892
2018-11-21,4.106198
2018-11-28,4.09717
2018-12-05,4.086044
2018-12-12,4.088314
2018-12-19,4.084274
2018-12-26,4.075636
2019-01-02,4.058378
2019-01-09,4.056563
2019-01-16,4.050044
2019-01-23,4.047052
2019-01-30,4.039678
2019-02-06,4.02635
2019-02-13,4.028431
2019-02-20,3.98142
2019-02-27,3.97459
2019-03-06,3.969134
2019-03-13,3.971559
2019-03-20,3.962748
2019-03-27,3.955617
2019-04-03,3.935509
2019-04-10,3.936784
2019-04-17,3.931827
2019-04-24,3.928273
2019-05-01,3.889691
2019-05-08,3.892216
2019-05-15,3.864749
2019-05-22,3.860435
2019-05-29,3.851444
2019-06-05,3.847645
2019-06-12,3.849955
2019-06-19,3.844016
2019-06-26,3.826817
2019-07-03,3.813198
2019-07-10,3.815038
2019-07-17,3.80811
2019-07-24,3.803436
2019-07-31,3.779102
2019-08-07,3.781543
2019-08-14,3.786018
2019-08-21,3.764866
2019-08-28,3.759946
2019-09-04,3.761508
2019-09-11,3.769673
2019-09-18,3.844695
2019-09-25,3.857715
2019-10-02,3.945831
2019-10-09,3.949955
2019-10-16,3.966471
2019-10-23,3.9687
2019-10-30,4.019823
2019-11-06,4.039443
2019-11-13,4.047882
2019-11-20,4.030249
2019-11-27,4.052875
2019-12-04,4.065696
2019-12-11,4.095491
2019-12-18,4.137052
2019-12-25,4.165591
2020-01-01,4.173626
2020-01-08,4.149544
2020-01-15,4.17585
2020-01-22,4.145912
2020-01-29,4.15163
2020-02-05,4.166707
2020-02-12,4.182689
2020-02-19,4.17157
2020-02-26,4.158637
2020-03-04,4.241507
2020-03-11,4.311911
2020-03-18,4.668212
2020-03-25,5.254278
2020-04-01,5.811607
2020-04-08,6.083141
2020-04-15,6.367887
2020-04-22,6.573136
2020-04-29,6.655929
2020-05-06,6.72142
2020-05-13,6.934227
2020-05-20,7.037258
2020-05-27,7.097316
2020-06-03,7.165217
2020-06-10,7.168936
2020-06-17,7.09469
2020-06-24,7.082302
2020-07-01,7.00904
2020-07-08,6.920716
2020-07-15,6.958604
2020-07-22,6.964755
2020-07-29,6.949032
2020-08-05,6.945237
2020-08-12,6.957277
2020-08-19,7.010637
2020-08-26,6.990418
2020-09-02,7.017492
2020-09-09,7.010614
2020-09-16,7.064475
2020-09-23,7.093161
2020-09-30,7.056129
2020-10-07,7.074649
2020-10-14,7.151426
2020-10-21,7.177265
2020-10-28,7.146306
2020-11-04,7.157479
2020-11-11,7.175417
2020-11-18,7.24308
2020-11-25,7.21648
2020-12-02,7.222414
2020-12-09,7.242658
2020-12-16,7.362592
2020-12-23,7.404039
2020-12-30,7.363351
2021-01-06,7.334809
2021-01-13,7.333968
2021-01-20,7.414942
2021-01-27,7.404926
2021-02-03,7.410598
2021-02-10,7.442225
2021-02-17,7.557402
2021-02-24,7.590111
2021-03-03,7.557524
2021-03-10,7.579901
2021-03-17,7.693506
2021-03-24,7.719622
2021-03-31,7.688988
2021-04-07,7.708882
2021-04-14,7.793104
2021-04-21,7.820948
2021-04-28,7.780962
2021-05-05,7.810486
2021-05-12,7.830663
2021-05-19,7.922883
2021-05-26,7.903541
2021-06-02,7.935703
2021-06-09,7.952327
2021-06-16,8.064257
2021-06-23,8.101945
2021-06-30,8.078544
2021-07-07,8.097773
2021-07-14,8.201651
2021-07-21,8.24053
2021-07-28,8.221473
2021-08-04,8.235073
2021-08-11,8.257159
2021-08-18,8.342598
2021-08-25,8.332743
2021-09-01,8.349173
2021-09-08,8.357314
2021-09-15,8.44877
2021-09-22,8.489824
2021-09-29,8.447981
2021-10-06,8.464032
2021-10-13,8.480942
2021-10-20,8.564943
2021-10-27,8.556181
2021-11-03,8.574871
2021-11-10,8.663117
2021-11-17,8.67497
2021-11-24,8.681771
2021-12-01,8.650402
2021-12-08,8.664524
2021-12-15,8.756666
2021-12-22,8.790495
2021-12-29,8.75746
2022-01-05,8.765721
2022-01-12,8.788278
2022-01-19,8.867834
2022-01-26,8.860485
2022-02-02,8.873211
2022-02-09,8.878009
2022-02-16,8.911033
2022-02-23,8.928129
2022-03-02,8.904455
2022-03-09,8.910748
2022-03-16,8.954306
2022-03-23,8.962474
2022-03-30,8.937142
2022-04-06,8.937592
2022-04-13,8.965487
2022-04-20,8.955851
2022-04-27,8.939199
2022-05-04,8.939972
2022-05-11,8.942008
2022-05-18,8.945898
2022-05-25,8.914281
2022-06-01,8.91505
2022-06-08,8.918254
2022-06-15,8.93242
2022-06-22,8.934346
2022-06-29,8.913553
2022-07-06,8.891851
2022-07-13,8.895867
2022-07-20,8.899213
2022-07-27,8.890004
2022-08-03,8.87462
2022-08-10,8.879138
2022-08-17,8.849762
2022-08-24,8.851436
2022-08-31,8.826093
2022-09-07,8.822401
2022-09-14,8.832759
2022-09-21,8.816802
2022-09-28,8.795567
2022-10-05,8.759053
2022-10-12,8.758969
2022-10-19,8.743922
2022-10-26,8.72309
2022-11-02,8.67687
2022-11-09,8.678886
2022-11-16,8.62562
2022-11-23,8.62139
2022-11-30,8.584576
2022-12-07,8.582735
2022-12-14,8.583413
2022-12-21,8.564411
2022-12-28,8.551169
2023-01-04,8.507429
2023-01-11,8.508587
2023-01-18,8.489039
2023-01-25,8.470557
2023-02-01,8.43361
2023-02-08,8.435369
2023-02-15,8.384767
2023-02-22,8.38219
2023-03-01,8.339684
2023-03-08,8.342283
2023-03-15,8.6393
2023-03-22,8.733787
2023-03-29,8.705942
2023-04-05,8.632384
2023-04-12,8.614797
2023-04-19,8.593263
2023-04-26,8.562768
2023-05-03,8.503994
2023-05-10,8.503017
2023-05-17,8.45676
2023-05-24,8.436255
2023-05-31,8.385854
2023-06-07,8.389325
2023-06-14,8.388323
2023-06-21,8.36206
2023-06-28,8.340914
2023-07-05,8.298312
2023-07-12,8.296923
2023-07-19,8.274552
2023-07-26,8.243344
2023-08-02,8.206764
2023-08-09,8.208241
2023-08-16,8.145727
2023-08-23,8.139066
2023-08-30,8.121316
2023-09-06,8.101318
2023-09-13,8.098779
2023-09-20,8.02409
2023-09-27,8.002064
2023-10-04,7.955782
2023-10-11,7.952054
2023-10-18,7.933162
2023-10-25,7.90783
2023-11-01,7.866664
2023-11-08,7.860691
2023-11-15,7.814991
2023-11-22,7.810814
2023-11-29,7.796145
2023-12-06,7.737385
2023-12-13,7.739566
2023-12-20,7.724063
2023-12-27,7.712781
2024-01-03,7.681024
2024-01-10,7.68671
2024-01-17,7.673741
2024-01-24,7.67723
2024-01-31,7.630124
2024-02-07,7.6313
2024-02-14,7.633874
2024-02-21,7.581683
2024-02-28,7.567807
2024-03-06,7.538857
2024-03-13,7.541969
2024-03-20,7.514348
2024-03-27,7.484739
2024-04-03,7.439558
2024-04-10,7.438176
2024-04-17,7.405506
2024-04-24,7.402434
2024-05-01,7.362474
2024-05-08,7.353408
2024-05-15,7.304272
2024-05-22,7.299566
2024-05-29,7.284319
2024-06-05,7.255687
2024-06-12,7.258974
2024-06-19,7.252542
2024-06-26,7.231163
2024-07-03,7.22152
2024-07-10,7.224079
2024-07-17,7.208247
2024-07-24,7.205455
2024-07-31,7.178391
2024-08-07,7.175256
2024-08-14,7.177688
2024-08-21,7.139952
2024-08-28,7.123238
2024-09-04,7.112567
2024-09-11,7.115001
2024-09-18,7.109137
2024-09-25,7.080059
2024-10-02,7.046925
2024-10-09,7.04684
2024-10-16,7.039284
2024-10-23,7.029408
2024-10-30,7.01349
2024-11-06,6.994299
2024-11-13,6.967108
2024-11-20,6.923731
2024-11-27,6.90514
2024-12-04,6.895827
2024-12-11,6.897485
2024-12-18,6.889332
2024-12-25,6.885963
2025-01-01,6.852491
2025-01-08,6.853554
2025-01-15,6.83407
2025-01-22,6.83176
2025-01-29,6.818186
2025-02-05,6.810935
2025-02-12,6.813513
2025-02-19,6.782332
2025-02-26,6.766101
2025-03-05,6.756764
2025-03-12,6.759571
2025-03-19,6.755982
2025-03-26,6.740253
2025-04-02,6.723452
2025-04-09,6.727416
2025-04-16,6.727113
2025-04-23,6.72693
2025-04-30,6.709277
2025-05-07,6.710889
2025-05-14,6.71327
2025-05-21,6.688726
2025-05-28,6.673244
2025-06-04,6.672885
2025-06-11,6.677155
2025-06-18,6.681056
2025-06-25,6.6622
2025-07-02,6.659598
2025-07-09,6.661912
2025-07-16,6.659273
2025-07-23,6.657715
2025-07-30,6.642578
2025-08-06,6.640843
2025-08-13,6.643615
2025-08-20,6.618415
2025-08-27,6.603384
2025-09-03,6.602071
2025-09-10,6.605962
2025-09-17,6.608597
2025-09-24,6.608395
2025-10-01,6.587119
2025-10-08,6.590815
2025-10-15,6.596454
2025-10-22,6.589533
2025-10-29,6.587034
2025-11-05,6.572732
2025-11-12,6.580462
2025-11-19,6.555283
2025-11-26,6.552419
2025-12-03,6.535781
2025-12-10,6.539303
2025-12-17,6.556861
2025-12-24,6.581231
2025-12-31,6.640618
2026-01-07,6.573602
2026-01-14,6.5817
2026-01-21,6.58458
2026-01-28,6.587568
2026-02-04,6.605909
2026-02-11,6.622382
2026-02-18,6.613395
2026-02-25,6.613797
2026-03-04,6.628894
2026-03-11,6.646344
2026-03-18,6.655939
2026-03-25,6.657161
2026-04-01,6.675344
2026-04-08,6.693871
2026-04-15,6.705696
2026-04-22,6.707419
2026-04-29,6.69995
2026-05-06,6.709505
2026-05-13,6.728502
2026-05-20,6.713643
2026-05-27,6.704383
2026-06-03,6.711495
2026-06-10,6.725397
2026-06-17,6.736424
2026-06-24,6.735645
2026-07-01,6.724564
2026-07-08,6.735609
2026-07-15,6.743028
2026-07-22,6.747378
